"Current account balance, percent of GDP (Percent of GDP)",1980,1981,1982,1983,1984,1985,1986,1987,1988,1989,1990,1991,1992,1993,1994,1995,1996,1997,1998,1999,2000,2001,2002,2003,2004,2005,2006,2007,2008,2009,2010,2011,2012,2013,2014,2015,2016,2017,2018,2019,2020,2021,2022,2023,2024,2025,2026,2027,2028,2029,2030,2031,Estimates start after
,,,,,,,,,,,,,,,,,,,,,,,,,,,,,,,,,,,,,,,,,,,,,,,,,,,,,
,no data,no data,no data,no data,no data,no data,no data,no data,no data,no data,no data,no data,no data,no data,no data,no data,no data,no data,no data,no data,no data,no data,no data,no data,no data,no data,no data,no data,no data,no data,no data,no data,no data,no data,no data,no data,no data,no data,no data,no data,no data,no data,no data,no data,no data,no data,no data,no data,no data,no data,no data,no data,2026
Afghanistan,no data,no data,no data,no data,no data,no data,no data,no data,no data,no data,no data,no data,no data,no data,no data,no data,no data,no data,no data,no data,no data,no data,33.9,29.6,37.2,30.2,20.8,63.4,33.8,41.6,29.4,26.6,10.9,1.4,6.5,3.7,9,7.6,12.1,11.7,14,-0.1,-18.5,-20.3,-39.6,-40.2,no data,no data,no data,no data,no data,no data,2024
Albania,0.1,-0.5,-2.3,-1.6,-1.3,-1.2,0.1,0.3,-1,-2.7,-4.3,-12.4,-8.2,1.7,-3.7,-2,-7.9,-13.2,-7,-1.9,-7.1,-6.3,-10.2,-7.8,-5.9,-9.1,-6.7,-10.6,-15.8,-15.4,-11.3,-12.9,-10.2,-9.3,-10.8,-8.6,-7.6,-7.5,-6.7,-7.5,-8.6,-7.7,-5.8,-1.2,-2.4,-2,-2.8,-3.4,-3.1,-3,-3.1,-3,2024
Algeria,0.5,-0.4,-0.9,-0.2,0.1,1.5,-3.3,0.2,-3.4,-1.8,2,4.7,2.4,1.5,-4,-4.9,2.4,6.6,-1.7,0,15.4,11.9,7.1,12,12.1,19.8,23.5,21.5,19.1,0.3,6.8,9.1,5.4,0.4,-3.9,-14.6,-14.6,-11.8,-8.7,-8.7,-11.3,-2.4,8.4,2.4,-1.1,-7.7,-1.2,-2.5,-2.9,-2.4,-2,-1.5,2024
American Samoa,no data,no data,no data,no data,no data,no data,no data,no data,no data,no data,no data,no data,no data,no data,no data,no data,no data,no data,no data,no data,no data,no data,no data,no data,no data,no data,no data,no data,no data,no data,no data,no data,no data,no data,no data,no data,no data,no data,no data,no data,no data,no data,no data,no data,no data,no data,no data,no data,no data,no data,no data,no data,2026
Andorra,no data,no data,no data,no data,no data,no data,no data,no data,no data,no data,no data,no data,no data,no data,no data,no data,no data,no data,no data,no data,no data,no data,no data,no data,no data,no data,no data,no data,no data,no data,no data,no data,no data,no data,no data,no data,no data,no data,no data,18,15.5,15,11.6,14.2,15.9,15.9,16,16,16.1,16.2,16.2,16.2,2024
Angola,0.8,-2.2,-6.1,-4.2,-1.9,1.8,-2.9,3.8,-3.6,-0.9,-1.4,-3.6,-5.9,-7.5,-5.2,-3.6,31.1,-7.2,-17.8,-17.3,6.3,-11.6,-0.9,-3.5,2.5,12.4,18.2,14.5,7.3,-9.3,7.9,10.4,9.6,5.4,-2.3,-7.8,-2.6,-0.4,6.4,5.4,1.3,10.1,8.5,3.7,5.3,0.4,2.2,1,0.8,0.8,0.7,0.6,2025
Anguilla,no data,no data,no data,no data,no data,no data,no data,no data,no data,no data,no data,no data,no data,no data,no data,no data,no data,no data,no data,no data,no data,no data,no data,no data,no data,no data,no data,no data,no data,no data,no data,no data,no data,no data,no data,no data,no data,no data,no data,no data,no data,no data,no data,no data,no data,no data,no data,no data,no data,no data,no data,no data,2026
Antigua and Barbuda,no data,no data,no data,no data,no data,no data,no data,no data,no data,no data,no data,no data,no data,no data,no data,no data,no data,no data,no data,no data,no data,no data,no data,no data,no data,no data,no data,no data,no data,no data,no data,no data,no data,no data,0,2,-2.4,-7.7,-14,-6.5,-15.6,-17.6,-15.1,-12.9,-7.5,-11.6,-11.8,-11.3,-10.8,-10.4,-9.9,-9.4,2025
Argentina,-1.1,-3,-3.1,-2.1,-1.9,-1,-2.4,-3.5,-1.1,1.2,3,-0.2,-2.5,-3,-3.8,-1.8,-2.4,-3.8,-4.4,-3.8,-2.9,-1.3,7.7,5.6,1.8,2.5,2.8,2.1,1.5,2.2,-0.4,-1,-0.4,-2.1,-1.6,-2.7,-2.7,-4.8,-5.2,-0.8,0.7,1.4,-0.6,-3.2,0.9,-1.1,-0.8,-0.6,-0.6,-0.5,-0.4,-0.3,2025
Armenia,no data,no data,no data,no data,no data,no data,no data,no data,no data,no data,no data,no data,-46.3,-6,3.8,-17,-18.2,-19.3,-22,-16.9,-15.8,-10.4,-6.2,-6.2,-2.2,-2.5,-2.4,-7.4,-14.2,-16.5,-13.6,-10.4,-10,-7.3,-7.8,-2.7,-1,-1.3,-7.2,-7.1,-4,-3.4,0.7,-2.8,-4.6,-6.7,-6,-5.2,-4.7,-4.6,-4.5,-4.4,2024
Aruba,no data,no data,no data,no data,no data,no data,no data,no data,no data,no data,no data,no data,no data,no data,no data,no data,no data,no data,no data,-25.3,11.3,16.4,-17,-8.2,12.2,4.9,12.7,9.7,0,6.9,-18.7,-10,3.6,-12,-4.8,3.9,4.6,1,-0.5,0.2,-17.2,-2.3,6.4,5.4,9.6,7.7,6.5,5.8,5.4,5.1,4.7,4.7,2024
Australia,-2.4,-4.1,-4.1,-3.1,-4.1,-4.9,-5,-3.4,-3.8,-6,-4.9,-3.3,-3.3,-3,-4.5,-5,-3.5,-2.9,-4.9,-5.5,-4,-2.3,-3.8,-5.3,-6.3,-6,-5.9,-6.7,-4.9,-4.5,-3.7,-3,-4.4,-3.4,-3.1,-4.7,-3.5,-2.9,-2.6,-0.1,1.6,2.3,0.3,-0.4,-2.2,-2.6,-2.3,-2.2,-2.3,-2.3,-2.4,-2.4,2025
Austria,-4.8,-4.4,1,0.4,-0.3,-0.2,0.2,-0.2,-0.2,0.2,0.7,0,-0.4,-0.5,-1.5,-2.9,-2.9,-2.6,-1.9,-2.3,-0.7,-0.8,2.1,1.6,2.1,2.3,3.3,3.8,4.5,2.6,2.9,1.6,1.5,1.7,2.4,1.6,2.6,1.3,0.8,2.4,3.4,1.7,-1.3,1.6,1.5,1,0.4,0.7,1.6,2.1,2.4,2.5,2024
Azerbaijan,no data,no data,no data,no data,no data,no data,no data,no data,no data,no data,no data,no data,-16.6,-12.2,-5.5,-13.2,-25.9,-21.2,-31.9,-13.1,-3.5,-0.9,-12.3,-27.8,-29.8,1.3,17.7,27.3,33.7,23,28.4,26,21.4,16.6,13.9,-0.4,-3.6,4.1,12.8,9.1,-0.5,15.1,29.8,11.5,6.3,5.5,9.7,5.4,2,1.6,1,0.6,2024
"Bahamas, The",-0.6,-3.1,-2.2,-1.2,-1.3,-1,-0.8,-1.2,-1.4,-1.7,-0.8,-3.5,0.6,5.6,3.8,2.3,0.3,-5.4,-10.1,1.4,-1.5,-3.8,0.1,-0.2,1.6,-3.1,-10.1,-9,-8.3,-8.1,-7.9,-10.9,-14.3,-14.5,-19.7,-12.5,-12.4,-13.3,-9.4,-2.1,-22,-20.2,-8.9,-7,-7.6,-10,-9.1,-8.4,-7.5,-6.7,-6.1,-5.9,2025
Bahrain,4.9,10.2,9.6,2.3,4.6,0.9,-2,-5.3,4.1,-4,1.3,-11.1,-14.6,-5.4,-3.8,3.4,3.5,-0.4,-10.7,-0.3,9,2.4,-0.6,1.7,3.5,8.9,11.3,12.8,8.4,2.3,2.9,8.4,8.1,7.1,4.4,-2.3,-4.4,-3.9,-6.2,-2,-9.1,6.4,14.7,5.8,4.8,5.9,3.9,4.8,3.9,3.3,2.3,2,2025
Bangladesh,-0.8,-1.8,-2.7,-2.2,-1.9,-2.4,-2.2,-1.7,-2.4,-3.2,-2.7,-1.5,-0.5,-0.3,-0.5,-1.2,-1.7,-1.4,-0.9,-0.6,-0.5,-1.6,0.2,0.2,0.2,-0.7,0.7,1,0.3,1.7,2.3,-1.4,-0.3,1.3,0.7,1.2,1.6,-0.5,-3,-1.3,-1.5,-1.1,-4,-2.6,-1.4,0,-0.6,-1.2,-1.4,-1.9,-2.1,-2,2025
Barbados,-2.5,-10.3,-3.3,-3.8,0.8,0.3,-0.9,-2.9,0.1,-0.1,-1.7,-1.1,6.8,3.1,6,2.3,3.3,-1.3,-2.7,-4,-3.2,-3.3,-4.6,-3.2,-9.1,-9,-8.9,-4.1,-8.1,-5,-3.8,-9.9,-7.1,-6.9,-7.6,-5.1,-3.6,-3.2,-3.4,-1,-5.1,-7.9,-7.9,-7.8,-3.9,-7.5,-7,-6.6,-6,-5.5,-5.2,-5.2,2024
Belarus,no data,no data,no data,no data,no data,no data,no data,no data,no data,no data,no data,no data,1.7,-3.8,-2.8,-4.4,-3.6,-6.1,-6.7,-1.6,-4.3,-4.1,-2.2,-2.5,-5,1.5,-3.6,-6.4,-7.9,-12.1,-14.5,-8.2,-2.8,-10,-6.6,-3.3,-3.4,-1.7,0,-1.9,-0.3,3.2,3.4,-1.8,-3.1,-2.6,-2.7,-3.4,-3.4,-3.4,-3.4,-3.3,2024
Belgium,-4,-4.1,-2.9,-0.6,-0.1,0.8,2.6,1.9,2.3,2.3,1.8,2.3,2.9,5.1,5.3,5.3,5,5.5,5.1,7.8,4,3.3,4.5,3.4,3.1,2,1.9,1.5,-1,1.7,1.6,-1.9,-0.1,1,0.8,1.4,0.6,0.7,-0.9,0.1,0.9,1.8,-1.9,0.2,-0.4,-2.1,-2,-1.9,-1.3,-1.1,-0.8,-0.7,2024
Belize,-1.6,-2,-7.3,-4.9,-1.9,3.3,4,2.7,-0.6,-4,2.8,-4.3,-4.1,-6.4,-5.2,-2.1,-0.8,-3.7,-4.5,-6.2,-14.2,-16.2,-13.3,-14.1,-11.1,-10.3,-1.6,-3.1,-8.3,-4.9,-2.6,-1.1,-1.7,-3.6,-6.4,-8,-7.3,-7,-6.6,-7.8,-6.2,-6.5,-8.3,-1,-1.9,-3.5,-4.5,-3.9,-3.5,-3.3,-3.2,-3.2,2024
Benin,-4.7,-16.9,-20.9,-11.7,-3.7,-2.6,-2.7,-1.5,-4.5,-0.6,-0.7,-8,-2.4,-1.9,0.5,-5.6,-1.3,-5,-3.9,-4.2,-2.3,-2,-3.7,-6.2,-4.7,-3.4,-3.1,-6.5,-5.5,-6.7,-5.6,-4.8,-5.2,-5.4,-6.7,-6,-3,-4.2,-4.5,-3.9,-1.7,-4.2,-5.7,-8.2,-6,-5.7,-5,-4.9,-4.6,-4.4,-4.1,-4,2023
Bermuda,no data,no data,no data,no data,no data,no data,no data,no data,no data,no data,no data,no data,no data,no data,no data,no data,no data,no data,no data,no data,no data,no data,no data,no data,no data,no data,no data,no data,no data,no data,no data,no data,no data,no data,no data,no data,no data,no data,no data,no data,no data,no data,no data,no data,no data,no data,no data,no data,no data,no data,no data,no data,2026
Bhutan,10.9,3.4,-47.3,-48.5,-55.9,-44.7,-47.2,-34.8,-20.7,-26,-9.5,-9.7,-28.3,-15.4,-13,14.7,14,5,9.7,2.2,-8.7,-8.3,-15.6,-22.3,-17.4,-28.8,-4.3,7.8,-8.2,-6,-20.8,-35.1,-19.7,-23.5,-25,-25.5,-29,-22,-17.4,-19.2,-14.8,-11.2,-29.5,-35,-20.4,-18.9,-19.3,-21.9,-21.7,-20.6,-19.8,-18.4,2024
Bolivia,-0.2,-7.7,-3.2,-2.7,-1.9,-6.9,-7.2,-8.8,-2.8,0.7,-3.8,-4.5,-6.7,-6.8,-3.7,-4.6,-4.1,-6.4,-7.1,-5.3,-4.8,-3,-3.9,0.9,3.3,5.8,10.2,10.7,10.4,4.1,3.8,1.9,6.3,2.9,1.5,-4.8,-4.6,-4.1,-3.5,-2.8,0,3.3,2.2,-2.2,-2.4,-1.9,1.2,no data,no data,no data,no data,no data,2025
"Bonaire, Sint Eustatius and Saba",no data,no data,no data,no data,no data,no data,no data,no data,no data,no data,no data,no data,no data,no data,no data,no data,no data,no data,no data,no data,no data,no data,no data,no data,no data,no data,no data,no data,no data,no data,no data,no data,no data,no data,no data,no data,no data,no data,no data,no data,no data,no data,no data,no data,no data,no data,no data,no data,no data,no data,no data,no data,2026
Bosnia and Herzegovina,no data,no data,no data,no data,no data,no data,no data,no data,no data,no data,no data,no data,no data,no data,no data,no data,no data,no data,-6.5,-8.7,-7.1,-12.8,-17.7,-19.2,-16.1,-16.4,-7.8,-9.2,-13.8,-6.4,-6,-9.5,-8.6,-5.3,-7.3,-5,-4.7,-4.8,-3.2,-2.6,-2.8,-1.8,-4.4,-2.1,-3.5,-3.2,-4.6,-4.4,-4.3,-4.2,-4,-4,2024
Botswana,-12.9,-29.3,-13.2,-6.5,-4.9,7.3,7.2,26.5,6.3,14.3,-0.5,8,5,10.8,5.2,6.2,10,14.4,3.5,10.8,9.6,10.9,4.9,9.6,3.6,16.2,19.7,15.7,1.4,-6.4,-5.9,-0.9,-5.9,4.5,11.1,2.2,8,5.6,0.4,-6.9,-9.8,-1.8,-0.6,1.5,-4.2,3.7,-1.9,-1.4,-2,-1.8,-2.1,-2.4,2024
Brazil,-8.8,-7,-9.1,-4.8,0,-0.1,-2.1,-0.5,1.3,0.2,-0.8,-0.4,1.6,-0.1,-0.3,-2.4,-2.8,-3.6,-4,-4.5,-4,-4.4,-1.8,0.4,1.3,1.3,1,-0.2,-2.1,-1.8,-3.9,-3.2,-3.8,-3.6,-4.5,-3.5,-1.7,-1.2,-2.8,-3.4,-1.6,-2.4,-2.1,-1.2,-3,-3,-2.7,-2.4,-2,-1.9,-2,-1.8,2025
British Indian Ocean Territories,no data,no data,no data,no data,no data,no data,no data,no data,no data,no data,no data,no data,no data,no data,no data,no data,no data,no data,no data,no data,no data,no data,no data,no data,no data,no data,no data,no data,no data,no data,no data,no data,no data,no data,no data,no data,no data,no data,no data,no data,no data,no data,no data,no data,no data,no data,no data,no data,no data,no data,no data,no data,2026
British Virgin Islands,no data,no data,no data,no data,no data,no data,no data,no data,no data,no data,no data,no data,no data,no data,no data,no data,no data,no data,no data,no data,no data,no data,no data,no data,no data,no data,no data,no data,no data,no data,no data,no data,no data,no data,no data,no data,no data,no data,no data,no data,no data,no data,no data,no data,no data,no data,no data,no data,no data,no data,no data,no data,2026
Brunei Darussalam,no data,no data,no data,no data,no data,65.4,60.6,58.5,60.9,52.4,47.8,46.9,32.7,21.9,26.5,16.1,18.8,17.2,14,26.7,45.1,31.4,27.1,34.2,33,38.2,41.1,35.6,43.5,33.4,36.6,34.7,29.8,20.9,30.7,16.7,12.9,16.4,6.9,6.6,4.3,11.1,19.5,12.9,14.5,13.7,14.5,15.6,16.1,15.8,15.9,15.9,2024
Bulgaria,2.5,0.3,0.4,0.1,1.2,-0.3,-2.7,-1.8,-0.6,-1.1,-5.7,-2.6,-3,-17,-0.3,-1.1,3.6,13.5,1.1,-2.9,-3.1,-3.6,-0.6,-3.4,-4.3,-9.4,-15.3,-23.9,-22,-8.3,-1.7,0.3,-0.8,1.3,2.1,0,3,3.2,0.7,1.7,1.6,0.2,-1.4,-1.2,-1.4,-5.9,-4,-3.2,-2.7,-0.5,0.4,1.2,2025
Burkina Faso,-2,-2,-4.8,-3.4,-0.2,-3.6,-0.8,-1.9,-1.6,3.4,-2.2,-2.6,-0.6,-2,0.7,-3.4,-7.3,-8.1,-6.6,-10,-10.8,-9.1,-8.3,-7.8,-9.8,-10.3,-8.3,-7.4,-10.2,-4,-1.8,-1.3,-1.3,-10,-7.2,-7.6,-6.1,-5,-4.2,-3.3,4.2,0.4,-7.5,-5.1,-3.5,6.7,8.6,8.4,6.9,6,5.1,5.5,2023
Burundi,-7.5,-5.8,-10.5,-10.3,-10.1,-3,-2.5,-7,-5.5,-0.9,-5.3,-2.4,-4.7,-2.6,-1.6,0.9,-4,0.5,-4.2,-3.9,-6.2,-3.1,-11.4,-13.1,-6.3,-4.7,-21.3,-32.4,-9.8,-6.3,-12.2,-14.5,-19.7,-20.6,-15.8,-11.5,-11.1,-11.8,-12.8,-11.6,-11.2,-12.6,-16.8,-14.8,-8.6,-6.1,-5.5,-5.3,-5.4,-5.3,-5.1,-4.8,2024
Cabo Verde,-45.3,-12.6,-8.8,-8.4,-4.8,-3.1,0.9,5.2,-1.9,-8,-4.4,-3.8,-4.3,-7.7,-10.2,-10.8,-5.7,-4.9,-8.9,-11.9,-8.7,-7.6,-8,-8.2,-10.5,-2.4,-4.1,-11.9,-12.5,-13.4,-11.3,-14.8,-11.5,-4.4,-8.3,-2.9,-3.4,-7,-4.8,0.2,-15.4,-12.1,-3.5,-2.7,3.9,3.6,-0.4,-1.2,-1.8,-2.1,-2.3,-2.3,2024
Cambodia,no data,no data,no data,no data,no data,no data,no data,no data,no data,no data,no data,no data,-1,-1.6,-3.4,-4.7,-7,1.3,-5.5,-4.8,-2.5,-0.9,-2.2,-3.3,-1.9,-3.4,-0.6,-1.4,-5.6,-8.1,-7.2,-6.5,-7,-7.1,-7.2,-7.3,-6.9,-6.5,-9,-8.3,-1,-30.1,-19.2,1.3,0.5,-2.9,-6.3,-6.6,-7.3,-7,-6.8,-6.8,2024
Cameroon,-5,-4.8,-4,-4.2,-1.6,-5.2,-3.2,-5.5,-2.6,-2,-3.8,-2.1,-2.4,-3.3,-0.5,0.9,-2.6,-5.1,-1.3,-4.4,-2.1,-3.2,-3.6,-3.7,-2.2,-2.5,0.9,1.2,-1.6,-4,-3.1,-2.4,-3.2,-3.3,-3.9,-3.6,-3.1,-2.6,-3.5,-4.3,-3.7,-4,-3.4,-4.1,-3.3,-3.8,-5.1,-5.8,-5.1,-5,-4.3,-3.6,2024
Canada,-2.2,-4.2,0.5,-0.8,-0.5,-1.7,-3.1,-3.2,-3.1,-4,-3.4,-3.7,-3.6,-3.8,-2.4,-0.8,0.4,-1.3,-1.3,0.2,2.6,2.2,1.7,1.2,2.3,1.9,1.4,0.8,0.1,-2.9,-3.6,-2.7,-3.5,-3.1,-2.3,-3.5,-3.1,-2.8,-2.4,-2,-2,0,-0.5,-0.7,-0.5,-0.9,-0.2,-0.3,-0.4,-0.3,-0.2,0,2025
Cayman Islands,no data,no data,no data,no data,no data,no data,no data,no data,no data,no data,no data,no data,no data,no data,no data,no data,no data,no data,no data,no data,no data,no data,no data,no data,no data,no data,no data,no data,no data,no data,no data,no data,no data,no data,no data,no data,no data,no data,no data,no data,no data,no data,no data,no data,no data,no data,no data,no data,no data,no data,no data,no data,2026
Central African Republic,-6,-0.6,-5.9,-4.2,-5,-5.5,-7.5,-3.8,-2.2,-0.7,-3.1,-5.3,-8.9,-3.2,-6.7,-12.3,-8.3,-12,-13.5,-7.4,-10.7,-10.9,-11.5,-8.3,-5.9,-8.8,0.2,-7.8,-9.2,-12.3,-9.8,-7.3,-6.3,-2.3,-11.4,-4.8,-0.5,-6.8,-7.2,-4.8,-7.6,-12.4,-12.9,-8.2,-9.1,-3.8,-3.4,-3.6,-4,-4.5,-5,-5.4,2023
Chad,1.3,2.1,1.7,3.5,0.8,-6.8,-3.8,-1.4,1.2,-2.6,-1.9,-2.8,-3.5,-5.5,-2.2,-8,-8.3,-8.6,-6,-7.5,-10.5,-22.9,-64.8,-33.8,-11.7,-5.5,-3.2,6.3,3.2,-3.9,-2.9,-0.2,-2,-3.6,-2,-4.5,-4.1,-5.7,-4,-3,-2.5,-0.5,6.3,1.6,1.4,0.2,0.8,0.3,0.6,1.1,1.2,1.7,2022
Channel Islands,no data,no data,no data,no data,no data,no data,no data,no data,no data,no data,no data,no data,no data,no data,no data,no data,no data,no data,no data,no data,no data,no data,no data,no data,no data,no data,no data,no data,no data,no data,no data,no data,no data,no data,no data,no data,no data,no data,no data,no data,no data,no data,no data,no data,no data,no data,no data,no data,no data,no data,no data,no data,2026
Chile,-6.8,-13.8,-9,-5.4,-10.4,-8.1,-6.4,-3.3,-0.9,-2.3,-1.5,-0.3,-2.1,-5.1,-2.8,-1.8,-3.8,-4.1,-4.7,0.3,-1,-1.4,-0.7,0.2,3.3,1.9,5.5,5.1,-4.2,1.4,0.9,-4.9,-5.3,-4.8,-3.5,-2.7,-2.6,-2.8,-4.5,-5.2,-1.9,-7.3,-8.8,-3.1,-1.5,-2.3,-0.8,-1.8,-1.9,-1.9,-2.1,-2.4,2024
"China, People's Republic of",no data,no data,no data,no data,no data,no data,no data,no data,no data,no data,no data,no data,no data,no data,no data,no data,no data,3.8,3,1.9,1.7,1.3,2.4,2.6,3.5,5.7,8.3,9.8,9,4.7,3.9,1.8,2.5,1.5,2.2,2.6,1.7,1.5,0.2,0.7,1.6,1.9,2.4,1.4,2.2,3.7,3.5,3.3,3,2.9,2.9,2.8,2025
Colombia,0,-3.4,-5.3,-5.2,-3.9,-3.3,1.1,0,-0.4,-0.4,1,4,1.3,-2.9,-3.8,-4.2,-4,-4.5,-4.1,0.7,0.9,-1.1,-1.3,-1,-0.7,-1.3,-1.8,-3,-2.7,-1.9,-3,-2.9,-3.1,-3.2,-5.2,-6.4,-4.5,-3.2,-4.2,-4.6,-3.4,-5.6,-6,-2.3,-1.7,-2.4,-2.5,-2.6,-2.8,-3,-3.2,-3.2,2025
Comoros,-3.7,-3.8,-5.4,-5.6,-28.7,-17.8,-12,-10.9,-6.9,-4.3,-5.9,-2.1,-9.8,-1.5,-7.1,-7.4,-6.2,-6.2,-6.8,-3.7,-0.1,1.8,0.4,-0.9,-2.4,-3.4,-3.2,-2.9,-6.1,-4.1,-0.3,-3.6,-3.2,-4,-3.8,-0.3,-4.4,-2.2,-3,-3.5,-1.8,-0.3,-0.4,-1.5,-2.3,-2.9,-4.2,-4.4,-3.1,-3.4,-3.2,-3,2024
"Congo, Dem. Rep. of the",-0.4,-0.9,-0.8,-0.6,0.1,-0.3,-1.2,-3.2,-1.5,-2.2,-1.7,-2.3,-2.1,-0.8,-1.1,0.1,-0.1,-0.7,-2,-0.6,1,3.8,4.8,5.3,2,1,0.3,2.8,-0.6,-5.9,-9.7,-4.9,-4.2,-8.9,-4.5,-3.7,-3.9,-3.3,-3.6,-3.5,-2.3,-1,-3.7,-5.3,-4.2,-3.7,-2,-1.6,-1.4,-1.2,-1.3,-1.7,2023
"Congo, Republic of ",-7.7,-26,-21.4,-28.5,16.2,-12.2,-33.1,-10.1,-19,-3.4,-8.6,-15.2,-9.7,-18.4,-38.4,-25.4,-22.9,-6.1,-10.7,-8.7,17.5,-1.2,5.8,13.7,13.2,6.1,13.9,-24,7.5,-14.1,6.9,13.2,13.6,10.8,1,-39,-45.3,-6.4,18.5,11.7,12.6,12.8,17,-5,-3,-5.9,-6,-5.8,-6,-5.6,-5.2,-4.3,2022
Cook Islands,no data,no data,no data,no data,no data,no data,no data,no data,no data,no data,no data,no data,no data,no data,no data,no data,no data,no data,no data,no data,no data,no data,no data,no data,no data,no data,no data,no data,no data,no data,no data,no data,no data,no data,no data,no data,no data,no data,no data,no data,no data,no data,no data,no data,no data,no data,no data,no data,no data,no data,no data,no data,2026
Costa Rica,-13.7,-15.9,-9.2,-9,-4.2,-3.3,-1.7,-5,-3.5,-7.2,-7.8,-3.1,-4.8,-7.2,-4.9,-3.2,-2.4,-3.6,-3.6,-4.9,-4.6,-3.2,-5.2,-5.2,-3.6,-4.3,-4.1,-5.6,-8.4,-1.8,-3.2,-5.3,-5.1,-4.8,-4.7,-3.4,-2.1,-3.6,-3,-1.2,-1,-3.1,-3.2,-1.3,-0.9,-0.7,-1.5,-1.6,-1.4,-1.3,-1.3,-1.3,2024
Croatia,no data,no data,no data,no data,no data,no data,no data,no data,no data,no data,no data,no data,55.4,8.4,4.1,-6.3,-4.3,-11.3,-6.1,-6.3,-1.4,-2.2,-6.4,-8.9,-6,-7.3,-7.9,-7.9,-11,-6.5,-2.2,-1.7,-1.8,-1.1,0.3,2.5,2.1,3.3,1,2.1,-1.9,0.3,-3.6,0.1,-2.2,-3.2,-3.8,-3.3,-3,-2.7,-2.3,-1.9,2024
Cuba,no data,no data,no data,no data,no data,no data,no data,no data,no data,no data,no data,no data,no data,no data,no data,no data,no data,no data,no data,no data,no data,no data,no data,no data,no data,no data,no data,no data,no data,no data,no data,no data,no data,no data,no data,no data,no data,no data,no data,no data,no data,no data,no data,no data,no data,no data,no data,no data,no data,no data,no data,no data,2026
Curacao,no data,no data,no data,no data,no data,no data,no data,no data,no data,no data,no data,no data,no data,no data,no data,no data,no data,no data,no data,no data,no data,no data,no data,no data,no data,no data,no data,no data,no data,no data,no data,no data,no data,no data,no data,no data,no data,no data,no data,no data,no data,no data,no data,no data,no data,no data,no data,no data,no data,no data,no data,no data,2026
Cyprus,-11.2,-7.7,-7.7,-8.8,-9.1,-6.9,-0.6,-0.2,-2.3,-5.1,-2.6,-6.8,-8.6,1.5,0.9,-2.1,-4.7,-4.4,2.8,-1.6,-4.9,-3,-3.4,-2,-4.5,-5.3,-6.3,-10.7,-14.7,-6.7,-10.6,-2.2,-3.7,-1.5,-4,-0.3,-4,-5,-3.9,-5.5,-9.7,-5.5,-6.9,-9.7,-8.2,-8.1,-9.3,-10.3,-10.9,-11,-10.7,-10.5,2024
Czech Republic,no data,no data,no data,no data,no data,no data,no data,no data,no data,no data,no data,no data,no data,no data,no data,-2.3,-6.1,-5.7,-1.9,-2.2,-4.4,-4.8,-5,-5.7,-3.7,-2.1,-2.5,-4.6,-1.9,-2.3,-3.5,-2.1,-1.5,-0.5,0.2,0.4,1.8,1.5,0.4,0.3,1.8,-2.1,-4.7,-0.1,1.7,0.7,-1.5,-1.3,-1,-0.8,-0.7,-0.5,2025
Côte d'Ivoire,-13.2,-12.3,-9.8,-10,-0.8,0.7,-2.3,-6.9,-8.8,-7.2,-8.1,-7.4,-6.6,-5.8,-0.1,-3.2,-1,-1,-1.7,-0.7,-1.6,-0.4,4.5,1.4,1.1,0.2,1.9,-0.5,1.3,4.8,1.4,7.5,-0.9,-1,1,-0.4,-0.9,-2,-3.9,-2.2,-3.1,-3.9,-7.6,-8,-4.5,-1.1,-1.1,-3.1,-3.6,-2.7,-2.6,-2.5,2024
Denmark,-3.4,-3.1,-3.8,-2.3,-2.9,-4.4,-5.1,-2.7,-1.2,-1,1,1.4,2.7,3.4,2,1,1.6,1.3,-0.1,2.5,2,3.6,3,3.9,4,4.1,3.2,1.3,2.9,3.6,6.4,6.3,6.1,7.4,8.4,8,7.1,7.3,6.3,7.4,7.2,8.5,11.2,11,12.2,12.5,12.3,11.5,11.3,11.2,11.2,11.2,2025
Djibouti,no data,no data,no data,no data,no data,no data,no data,no data,no data,no data,no data,17.1,-0.3,26.5,36.4,37,35.8,35.8,33.5,35,19.6,43.2,51.5,48,30.4,30.5,4.8,-25.8,-33.3,18.7,49.5,-1.8,-23.3,-30.8,23.9,29.5,-1,-4.8,14.7,18.3,11.7,-6.6,19,18.2,14.6,10.2,10.1,8.9,8.7,8.5,8.4,8.3,2024
Dominica,no data,no data,no data,no data,no data,no data,no data,no data,no data,no data,no data,no data,no data,no data,no data,no data,no data,no data,no data,no data,-17.9,-15.3,-14.2,-15.5,-16,-20.9,-12.8,-20.6,-28.3,-22.7,-15.9,-7.7,-17.3,-9.9,-6.8,-7.1,-9,-11,-46.7,-38.1,-37,-33.5,-27.3,-40.4,-37.8,-38,-33.2,-25.4,-20.8,-18.3,-16.9,-16.5,2024
Dominican Republic,-8.3,-4,-4.8,-4.4,-1.1,-1.7,-2.3,-4.4,-0.2,-3.8,-3.5,-1.6,-6.1,-4.1,-1.9,-1.1,-1.2,-0.8,-1.6,-1.9,-4.2,-2.9,-2.9,4.8,4.6,-1.3,-3.4,-4.9,-9.4,-4.8,-7.5,-7.5,-6.5,-4.1,-3.2,-1.8,-1.1,-0.2,-1.6,-1.3,-1.7,-2.8,-5.8,-3.7,-3.3,-1.2,-1.5,-1.3,-1.3,-1.4,-1.5,-1.7,2024
Ecuador,-4,-6,-7.2,-0.8,-1.8,0.4,-4.4,-9.6,-5.8,-6.2,-3.1,-5.4,-0.8,-5.1,-4.4,-4.5,-0.2,-1.8,-8,4.9,6.3,-2.4,-4.5,-1.2,-1.4,1.2,3.8,3.8,2.9,0.5,-2.3,-0.5,-0.2,-1,-0.7,-2.3,0.9,-0.4,-1.5,-0.5,2.1,2.8,2,2,5.7,5.8,5.2,4.6,4.4,4,3.6,3.1,2024
Egypt,-0.8,-4.3,-6.8,-4,-8.1,-4.6,-2.8,-1.3,-2.1,-2.2,-2.7,3.4,8.3,4.4,0.4,0.6,-0.3,0.1,-2.8,-1.8,-1.1,0,0.7,2.3,4.1,3.1,1.6,1.7,0.5,-2.2,-1.9,-2.5,-3.4,-2.1,-0.9,-3.5,-5.6,-5.8,-2.3,-3.4,-2.9,-4.4,-3.5,-1.2,-5.4,-4.2,-4.2,-4.6,-3.9,-3.5,-3.2,-2.7,2025
El Salvador,5.2,-3.5,-1.5,1.9,-1.7,-1.2,5,5.7,0.9,-6.1,-3.1,-3.2,-1.9,-1.2,-0.2,-2.9,-1.8,-1,-0.8,-2.1,-3.7,-1.2,-3.2,-5.3,-4.7,-4.2,-4.8,-7.2,-8.5,-1.8,-2.9,-5.5,-5.8,-6.9,-5.4,-3.2,-2.3,-1.9,-3.3,-0.4,1.1,-4.3,-6.7,-1.1,-1.8,-3.9,-3.3,-1.9,-1.3,-1.3,-1.3,-1.3,2024
Equatorial Guinea,no data,no data,no data,no data,no data,no data,no data,no data,no data,no data,no data,no data,no data,no data,no data,no data,no data,no data,no data,no data,no data,no data,no data,no data,no data,no data,no data,16.7,7.8,-9.7,-20.2,-5.7,-1.1,-2.4,-4.3,-16.4,-26,-7.8,-2.7,-7.5,-0.8,5.7,6.6,0.9,-0.6,-3,-1.6,-2.4,-3.1,-3,-3.1,-3.3,2023
Eritrea,no data,no data,no data,no data,no data,no data,no data,no data,no data,no data,no data,no data,31,30.9,37,10.3,3,6.8,-26.6,-33.3,-21.1,-24.8,-0.1,-2.3,-0.9,0.4,-4.6,-7.9,-7.6,-11.3,-11.4,12.8,12.4,2.3,17.7,22.4,13.4,24.8,15.5,13,no data,no data,no data,no data,no data,no data,no data,no data,no data,no data,no data,no data,2019
Estonia,no data,no data,no data,no data,no data,no data,no data,no data,no data,no data,no data,no data,no data,1.2,-6.6,-4,-8.3,-10.9,-8.5,-4.3,-5.4,-7.1,-11.1,-12.9,-11.9,-8.7,-14.9,-14.9,-8.7,2.6,1.8,1.3,-1.9,-0.1,0.6,1.5,1,1.7,0.6,2,-2.5,-3.7,-3.1,-1.2,-1.2,-0.2,-1.1,-2,-1.9,-1.6,-1.4,-1.4,2024
Eswatini,-17.7,-10.5,-16.4,-15,-12.7,-8,1.7,8.1,9.9,7.9,4.2,3.8,-2.9,-4.4,0.1,-1.6,-2.9,-0.1,-5.3,-1.9,-2.7,0.6,2.4,4.2,2.7,-3.3,-6.2,-1.9,-7.2,-11.9,-9,-6,5.2,11.2,11.9,13.5,8.1,6.2,1.4,3.8,6.8,2.6,-2.7,2.2,1.6,-0.6,-1.8,-0.5,-0.1,0.4,0.6,0.9,2025
Ethiopia,-3.1,-2.6,-3.7,-2.1,-2.7,1,-1.9,-0.9,-2.6,-1.4,-1.1,-2.1,0,0.1,-1.1,2.5,0.3,-0.3,-0.5,-7,-2.5,-1.4,-4,-1.2,-3.8,-7.4,-11.7,-6.2,-5.6,-8.2,-4.5,-0.7,-6.6,-5.9,-7.9,-11.5,-10.9,-8.5,-6.5,-5.3,-4.6,-3.2,-4.3,-2.9,-4.2,-0.9,-2.4,-1.9,-2.1,-2.2,-2.1,-2.6,2025
Faeroe Islands,no data,no data,no data,no data,no data,no data,no data,no data,no data,no data,no data,no data,no data,no data,no data,no data,no data,no data,no data,no data,no data,no data,no data,no data,no data,no data,no data,no data,no data,no data,no data,no data,no data,no data,no data,no data,no data,no data,no data,no data,no data,no data,no data,no data,no data,no data,no data,no data,no data,no data,no data,no data,2026
Falkland Islands,no data,no data,no data,no data,no data,no data,no data,no data,no data,no data,no data,no data,no data,no data,no data,no data,no data,no data,no data,no data,no data,no data,no data,no data,no data,no data,no data,no data,no data,no data,no data,no data,no data,no data,no data,no data,no data,no data,no data,no data,no data,no data,no data,no data,no data,no data,no data,no data,no data,no data,no data,no data,2026
Fiji,-3.2,-13.5,-9.2,-8.7,-5.3,-5.4,-2.5,1.5,5.5,-1.3,-9.2,-4.9,-2.4,-5.1,-1.8,-1.5,0.8,-2.6,-0.4,-2.4,-3.8,-4.4,0.7,-4.1,-11.1,-5.6,-14,-9.6,-13.4,-2.1,-3.8,-4.7,-1,-8.8,-5.6,-3.3,-3.5,-6.6,-8.4,-11.8,-12,-6.5,-15.3,-6.6,-7.8,-9.5,-12.5,-10.9,-9.7,-8.1,-7.6,-6.6,2024
Finland,-2.6,-0.9,-1.7,-2.2,0,-1.4,-0.9,-1.9,-2.5,-4.9,-5.1,-5.4,-4.7,-1.5,0.8,3.8,3.5,4.8,4.7,4.8,7.2,7.7,7.8,4.3,5.6,2.9,3.9,4,2.5,2,1.4,-1.6,-2.2,-1.9,-1.4,-0.9,-2,-0.7,-1.6,-0.1,0.4,0.3,-2.4,-0.9,-0.4,1.3,0.1,0.4,0.5,0.8,1,1.1,2025
France,-0.6,-0.8,-2.1,-0.8,-0.1,-0.1,0.3,-0.5,-0.5,-0.5,-0.8,-0.5,0.3,0.7,0.6,0.5,1.2,3.2,3.1,3.9,1.1,1.6,1.2,0.8,0.5,0.1,0.3,-0.1,-0.7,-0.6,-0.6,-0.9,-2.1,-0.6,-0.9,-0.3,-0.5,-0.5,-0.7,0.6,-2.1,0.3,-1.4,-1,0.1,-0.4,-0.3,-0.2,0.2,0.4,0.5,0.4,2024
French Guiana,no data,no data,no data,no data,no data,no data,no data,no data,no data,no data,no data,no data,no data,no data,no data,no data,no data,no data,no data,no data,no data,no data,no data,no data,no data,no data,no data,no data,no data,no data,no data,no data,no data,no data,no data,no data,no data,no data,no data,no data,no data,no data,no data,no data,no data,no data,no data,no data,no data,no data,no data,no data,2026
French Polynesia,no data,no data,no data,no data,no data,no data,no data,no data,no data,no data,no data,no data,no data,no data,no data,no data,no data,no data,no data,no data,no data,no data,no data,no data,no data,no data,no data,no data,no data,no data,no data,no data,no data,no data,no data,no data,no data,no data,no data,no data,no data,no data,no data,no data,no data,no data,no data,no data,no data,no data,no data,no data,2026
Gabon,27.3,15.6,13.3,12.2,17.9,10,-19.4,-7.2,-14.8,-4,2.4,1.6,-3.8,-1,7.5,8.8,14.7,9.4,-13,7.9,18.5,10.3,6.3,11.8,11.9,20.9,14.6,22.1,24.6,6.6,17.1,14.3,11.5,8.3,6.1,1,-5.4,-0.7,7.1,4.6,-0.5,3.3,8.8,3,1.7,-3.1,-4.3,-5.5,-6.1,-5.5,-6,-6.6,2023
"Gambia, The",-19.4,-6,-1.2,-0.6,-3.4,-1.3,-0.4,-0.8,1.6,0.8,-1.1,-0.1,0,-1.9,-1.1,-1.7,-5.5,-0.5,-1,-1.2,-3.4,-3.3,-3.7,-4.6,-2.7,-6.3,-4.3,-5.2,-7.6,-7.8,-10,-7.4,-4.5,-6.7,-7.3,-9.9,-9.2,-7.4,-9.5,-6.1,-5.8,-4.2,-4.2,-5.4,-6.5,-4.9,-5.1,-4.1,-3.5,-3,-2.7,-2.3,2023
Georgia,no data,no data,no data,no data,no data,no data,no data,no data,no data,no data,no data,no data,no data,no data,no data,-17.7,-12.2,-12.7,-12.4,-9.7,-5.6,-6,-6.2,-9.3,-6.8,-10.6,-14.9,-19,-21.4,-10.3,-9.6,-11.9,-11.1,-5.5,-9.9,-11.6,-12.2,-7.9,-6.7,-6,-12.4,-10.3,-4.4,-5.5,-5.3,-2.6,-5,-4.5,-4.6,-4.7,-4.8,-5,2025
Germany,-1.8,-0.7,0.9,0.7,1.4,2.7,4,3.7,4.3,4.7,3.1,-1.2,-1,-0.8,-1.3,-1.1,-0.5,-0.3,-0.5,-1.2,-1.5,-0.2,2,1.5,4.5,4.7,5.8,6.7,5.6,5.8,5.7,6.3,7.2,6.7,7.2,8.1,8.9,8.1,8.4,7.9,6.3,6.9,3.8,5.5,5.8,4.4,3.9,3.8,3.8,3.8,3.8,3.8,2025
Ghana,-0.1,-0.8,-0.3,-0.3,-0.4,-0.9,-0.6,-0.8,-0.5,-0.6,-1,-1.4,-2.1,-3.8,-1.9,-0.9,-1.8,-2.4,-2.8,-5,-3.1,-3.3,-0.7,0.5,-2.7,-4.2,-3.4,-5.9,-8.2,-3.8,-6.1,-6.6,-8.8,-9.1,-6.8,-5.7,-5.1,-3.3,-3,-2.2,-2.5,-2.8,-2.3,-0.8,1.8,7.9,10.1,9.5,8.2,7.6,6.2,4.9,2024
Gibraltar,no data,no data,no data,no data,no data,no data,no data,no data,no data,no data,no data,no data,no data,no data,no data,no data,no data,no data,no data,no data,no data,no data,no data,no data,no data,no data,no data,no data,no data,no data,no data,no data,no data,no data,no data,no data,no data,no data,no data,no data,no data,no data,no data,no data,no data,no data,no data,no data,no data,no data,no data,no data,2026
Greece,-3.9,-4.6,-3.5,-3.8,-4.5,-6.9,-3,-1.9,-1.3,-3.3,-3.7,-1.5,-1.9,-0.7,-0.1,-2.4,-3.6,-3.8,-2.7,-3.7,-6.1,-7.1,-6.4,-6.5,-5.7,-7.5,-11,-14.1,-14.7,-11,-10.1,-10.1,-2.5,-2.1,-1.5,-1.5,-2.4,-2.5,-3.5,-2.1,-7.2,-7.2,-10.7,-6.8,-7.2,-5.7,-6.4,-5.7,-5,-4.5,-4.2,-4,2025
Greenland,no data,no data,no data,no data,no data,no data,no data,no data,no data,no data,no data,no data,no data,no data,no data,no data,no data,no data,no data,no data,no data,no data,no data,no data,no data,no data,no data,no data,no data,no data,no data,no data,no data,no data,no data,no data,no data,no data,no data,no data,no data,no data,no data,no data,no data,no data,no data,no data,no data,no data,no data,no data,2026
Grenada,no data,no data,no data,no data,no data,no data,no data,no data,no data,no data,no data,no data,no data,no data,no data,no data,no data,no data,no data,no data,no data,no data,no data,no data,no data,no data,no data,no data,no data,no data,no data,no data,no data,no data,-9.1,-10.6,-8.8,-11.5,-12.8,-10.3,-16.1,-14.4,-12.1,-20.3,-21.9,-17.8,-18.3,-15.9,-15,-14.3,-14.2,-14.1,2025
Guadeloupe,no data,no data,no data,no data,no data,no data,no data,no data,no data,no data,no data,no data,no data,no data,no data,no data,no data,no data,no data,no data,no data,no data,no data,no data,no data,no data,no data,no data,no data,no data,no data,no data,no data,no data,no data,no data,no data,no data,no data,no data,no data,no data,no data,no data,no data,no data,no data,no data,no data,no data,no data,no data,2026
Guam,no data,no data,no data,no data,no data,no data,no data,no data,no data,no data,no data,no data,no data,no data,no data,no data,no data,no data,no data,no data,no data,no data,no data,no data,no data,no data,no data,no data,no data,no data,no data,no data,no data,no data,no data,no data,no data,no data,no data,no data,no data,no data,no data,no data,no data,no data,no data,no data,no data,no data,no data,no data,2026
Guatemala,-2.1,-6.8,-4.7,-2.5,-4.1,-2.2,-0.3,-6.5,-5.6,-4.3,-2.8,-2,-7,-6.4,-5,-4.1,-3,-3.7,-5.6,-5.9,-5.8,-6.1,-5.8,-4.4,-4.7,-4.4,-4.9,-5.1,-3.9,0.2,-1.8,-3.3,-3.7,-4.2,-3.3,-1.2,1,1.2,0.9,2.4,5,2.2,1.2,3.1,2.9,4.8,3.2,2.2,1.3,0.6,0,-0.6,2024
Guinea,2.2,-3.1,-3.7,-0.1,-0.3,-1.6,-4.6,-1.3,-6.7,-5.3,-7.2,-5.2,-5.2,-4.3,-5.1,-5.3,-6.2,-4.6,-6.4,-5.3,-3,0.3,0,0,-1.8,-0.8,-3.1,-7.3,-6.6,-5.6,-6.4,-16.3,-19.7,-12.5,-14.4,-12.5,-30.7,-6.7,-18.5,-15.5,-16.1,4.1,-5.7,-9.7,-14.7,-22.3,-3.6,0.1,0.2,-0.9,-2.2,-1.4,2025
Guinea-Bissau,-21.1,-10.4,-18.9,-15.2,-19.8,-15.6,-10.5,-11.2,-14.9,-17.8,-8.3,-9.8,-11.5,-9.5,-12.7,-4.5,-6,-4.7,-3.6,-2.2,2.7,-3.9,-3.3,-2.5,-1.6,-1.6,-6.2,-4.1,-3,-5.4,-7.5,-1.2,-7.9,-4.3,0.5,1.8,1.4,0.3,-3.5,-8.5,-2.6,-0.8,-8.6,-8.6,-7.4,-6.2,-6.3,-5.1,-4.6,-4.4,-4.2,-4,2023
Guyana,-18.2,-29.5,-26.1,-25.7,-17.8,-21.5,-20.4,-17.4,-12.1,-14.4,-23.5,-18.5,-14,-9.7,-5,-4.3,-2.1,-5.1,-6.1,-1.4,-4.7,-4.7,-3.2,-2.9,-1.2,-5.7,-8.6,-5.9,-9.3,-5.6,-6.5,-9.4,-7.4,-9.9,-6.7,-3.4,1.5,-4.9,-29,-68.8,-17.3,-24.7,25.9,9.9,16.5,12.9,21.5,13.9,25.8,17.4,17.9,19.3,2025
Haiti,-3.1,-3.6,-2.5,-2.2,-1.9,-1.4,-0.8,-1.1,-1.3,0,-2.9,-6.8,-8.2,-5.6,-0.5,-0.3,-0.9,-0.8,0.4,-0.8,-1.7,-2.1,-1.5,-0.9,-1,0.1,-1.1,-0.9,-2,-1.1,-0.9,-2.5,-3.1,-3.8,-5,-1.8,-1.7,-2.2,-2.9,-1.1,0.4,0.4,-2.5,-3.5,-0.6,1.9,0.2,-0.5,-1.6,-2.2,-2.1,-2.1,2025
Holy See,no data,no data,no data,no data,no data,no data,no data,no data,no data,no data,no data,no data,no data,no data,no data,no data,no data,no data,no data,no data,no data,no data,no data,no data,no data,no data,no data,no data,no data,no data,no data,no data,no data,no data,no data,no data,no data,no data,no data,no data,no data,no data,no data,no data,no data,no data,no data,no data,no data,no data,no data,no data,2026
Honduras,-8,-7.5,-5.2,-4.9,-5.6,-3.5,-1.8,-3.9,-1.9,-2.8,-1.6,-3.2,-4.4,-6.2,-6.7,-3.3,-3.7,-3,-2,-3.8,-7.2,-6.3,-3.6,-6.7,-7.7,-3,-3.7,-9,-15.3,-3.8,-5.1,-8,-8.5,-9.5,-6.9,-4.7,-3.1,-1.2,-6.6,-2.6,2.9,-5.5,-6.9,-4,-4.4,2.4,-2.6,-2.9,-3.6,-3.6,-3.7,-3.7,2024
Hong Kong SAR,-5,-2.5,-0.5,0.6,6.8,7.3,6.5,7.7,6.4,9.2,6.2,4.3,3,4.7,-0.8,-6.3,-2.5,-4.4,1.5,6.4,4.4,6.1,7.9,10.8,10,11.9,12.7,13,15.1,9.9,7,5.6,1.6,1.5,1.4,3.3,4,4.6,3.7,5.9,7,11.8,10.2,8.4,13.2,12.2,12.6,12.3,12.1,11.9,11.5,11.4,2025
Hungary,-4.8,-5.8,-2.2,-0.8,0.2,-2.1,-5.5,-2.5,-1.9,-1.9,0.8,-3.6,-2,-12.1,-11.7,-3.5,-3.8,-4.1,-7.1,-7.9,-8.5,-5.8,-6.3,-8,-8.5,-7.2,-7.5,-7.4,-7.5,-1.3,-0.3,0.3,1.1,3.1,0.9,2.2,4.4,1.8,0.2,-0.6,-1.1,-4.5,-9.1,-0.1,1.5,1.3,-0.4,0.4,0.7,1,1.6,1.8,2024
Iceland,-2,-4,-7.7,-1.8,-4.4,-3.7,0.5,-3.2,-3.3,-1.3,-2,-3.8,-2.3,0.7,1.8,0.3,-2.3,-2.2,-7,-6.9,-10,-4.1,1.3,-4.8,-9.9,-15.5,-22.6,-13.7,-20.8,-8.8,-5.8,-4.5,-2.9,6.8,5,6.3,8.9,4.9,4.4,7.4,1.9,-2.6,-1.7,-1.2,-3.2,-3.6,-0.7,-0.1,0.1,0.2,0.4,0.5,2024
India,-1.5,-1.6,-1.7,-1.5,-1.1,-2.1,-1.8,-1.7,-2.4,-2,-3,-0.4,-1.7,-0.4,-1,-1.6,-1.1,-1.3,-1,-1,-0.6,0.7,1.2,2.3,-0.3,-1.2,-1,-1.3,-2.3,-2.9,-2.9,-4.3,-4.8,-1.7,-1.3,-1.1,-0.6,-1.9,-2.2,-0.9,0.9,-1.3,-2.1,-0.7,-0.6,-0.9,-2,-1.6,-1.5,-1.5,-1.7,-1.9,2025
Indonesia,2.9,-0.5,-4.7,-6.5,-2.1,-2,-4.2,-2.5,-2,-1.4,-2.3,-2.8,-1.8,-1.2,-1.4,-2.8,-2.7,-1.5,3.5,3.4,4.5,4,3.7,3.2,1.9,0.5,2.4,1.4,0,1.8,0.7,0.2,-2.7,-3.2,-3.1,-2,-1.8,-1.6,-2.9,-2.7,-0.4,0.3,1,-0.1,-0.6,-0.1,-1.1,-0.9,-0.8,-0.8,-0.8,-0.8,2024
Iran,-3,-3.5,3.2,-0.2,-0.5,-0.4,-2.2,-0.8,-0.6,-0.6,-0.4,-3,-11.9,-5.3,5.1,2.4,2.7,1,-0.9,2,2.8,1.5,2.2,0.4,0.6,5.6,6.3,7.6,4.6,1.9,4.6,8.1,4.8,5.1,2.6,0.3,2.8,2.9,7.6,-0.7,-1.7,3.6,3.5,2,3.2,0.6,-1.8,-0.2,0.9,1.7,2.3,2.7,2025
Iraq,no data,no data,no data,no data,no data,no data,no data,no data,no data,no data,no data,no data,no data,no data,no data,no data,no data,no data,no data,no data,no data,2,-1.8,-10.7,-8.3,13.5,3.4,-0.3,15.2,-7.1,2.8,11.4,6.4,6.9,6.8,-5.2,-6.9,-2.1,8.1,5.9,-6.8,3.1,13.4,5.8,-2.1,-1.7,-5.3,0.2,-1.8,-3.1,-4.2,-5.6,2025
Ireland,-10.6,-12.6,-8.8,-5.6,-5.2,-3.3,-2.9,-0.3,0.3,-1.3,-0.8,0.7,1,3.6,2.7,2.5,2.7,2.3,0.4,-0.1,0.6,0.2,0.2,0.5,-0.1,-3.5,-5.4,-6.5,-6.3,-4.7,-1.3,-1.7,-3.4,2.4,2.1,6.1,-1.2,1.1,4.3,-20.7,-7.1,12.2,8.8,7,16.2,8.2,8.1,8.1,8,8,8,7.7,2024
Isle of Man,no data,no data,no data,no data,no data,no data,no data,no data,no data,no data,no data,no data,no data,no data,no data,no data,no data,no data,no data,no data,no data,no data,no data,no data,no data,no data,no data,no data,no data,no data,no data,no data,no data,no data,no data,no data,no data,no data,no data,no data,no data,no data,no data,no data,no data,no data,no data,no data,no data,no data,no data,no data,2026
Israel,-3.5,-5.1,-7.9,-7.5,-5.2,3.6,3.7,-3.4,-1.6,0.4,0.3,-1.8,-1.1,-3.2,-3.8,-5.1,-5.3,-3.6,-1.7,-2.4,-2.3,-2.5,-2.2,-0.5,0.9,2.2,3.3,2.2,0.4,2.8,2.7,1,-0.3,2.3,3.5,4.6,3.2,3.2,2.5,3,3.8,3.1,2.7,3.1,2.9,1.5,1.9,2.3,2.5,2.6,2.7,2.8,2025
Italy,-3.5,-3.5,-2.4,0.3,-0.9,-1.2,0.4,-0.4,-0.9,-1.6,-1.9,-2.4,-2.6,1.1,1.2,2.1,2.9,2.6,1.7,0.8,-0.3,0.2,-0.5,-0.8,-0.5,-0.9,-1.5,-1.4,-2.7,-1.8,-3.2,-2.7,-0.2,1,1.8,1.2,2.5,2.4,2.5,3.2,3.8,2,-1.8,0.2,1.1,1.2,0.6,1.1,1.5,1.8,2,2.2,2025
Jamaica,-4.5,-15,-16.2,-10.1,-11.3,-12.4,-3.4,-5.1,-1.9,-8.5,-6.5,-5.5,0.6,-3.3,1.5,-1.5,-1.9,-3.9,-3.7,-2.4,-4,-8,-10.8,-8,-4.8,-9.3,-9.7,-15.4,-19.8,-9.1,-6.9,-13.3,-9.5,-9.3,-7.8,-2.9,-0.3,-2.5,-1.4,-1.8,-1,0.9,-0.7,2.7,2.9,1.2,-6,-6.6,-3.6,-1,0.2,0.5,2024
Japan,-0.9,0.4,0.6,1.6,2.5,3.4,3.9,3.2,2.5,2,1.4,1.8,2.8,2.8,2.6,2,1.4,2.1,2.8,2.4,2.6,1.9,2.6,3,3.7,3.5,3.8,4.6,2.8,2.7,3.8,2.1,0.9,0.9,0.7,3,3.9,4,3.4,3.4,2.9,3.8,2,3.6,4.5,4.8,3.8,3.9,3.9,3.9,4.1,4.1,2025
Jordan,8.6,-0.8,-6.4,-7.1,-4.8,-4.7,-0.6,-4.7,-4.2,8.1,-4.9,-8.1,-14,-10.1,-5.7,-3.5,-2.8,0.4,0.2,4.4,0.3,-0.2,4.6,9.7,0.3,-15.7,-9.9,-14.5,-8,-4.5,-6.2,-9.1,-13.5,-9.3,-6.4,-8.2,-8.8,-9.6,-6.2,-2.4,-5.6,-7.3,-7.5,-3.3,-5.4,-5.6,-6.2,-5.1,-4.9,-4.7,-4.7,-4.6,2024
Kazakhstan,no data,no data,no data,no data,no data,no data,no data,no data,no data,no data,no data,no data,-51.7,-8.6,-7.7,-1.3,-3.6,-3.6,-5.5,-1,2,-6.3,-4.2,-0.9,0.8,0.6,-1,-4.5,1,-0.1,1.8,7.3,1.3,1.9,-1.3,-5.4,-5.1,-2.1,-1,-3.9,-6.5,-1.4,2.9,-3.6,-2.7,-3.9,-1,-2,-2.4,-2.3,-2.2,-2,2024
Kenya,-6.5,-4.4,-2.5,-0.4,-1.1,-1,-0.3,-3.3,-3,-3.8,-4.3,-1.9,-2.4,8.6,5.8,-1.8,0.4,0.3,1.4,5.7,-1.1,-1.7,-0.6,0.6,-0.6,-1,-1.7,-2.9,-4.8,-3.9,-5.2,-8.2,-7.5,-7.8,-9.3,-5.1,-4.1,-5.6,-4,-2.2,-3.7,-5.1,-5,-3.6,-2.3,-2.7,-4.1,-3.7,-3.4,-3.3,-3.2,-3.2,2024
Kiribati,34.6,25.8,14.3,12.8,28.1,21.6,40.8,21.1,1.9,7,-17.2,21,-14,-1.3,0.6,-8.7,-20.3,5.2,21.3,2.4,-3.3,-9.6,-11.4,-8.7,-7.2,-25,-8.6,-1.8,-3.5,-11.6,0.1,-8.8,1.7,-5,27.9,29.3,9.3,31.6,32.6,37.2,32.2,7.1,-12,-1.8,-17.4,-18.8,-17.7,-16.8,-15.7,-15.2,-14.9,-14.8,2024
"Korea, Dem. People's Rep. of",no data,no data,no data,no data,no data,no data,no data,no data,no data,no data,no data,no data,no data,no data,no data,no data,no data,no data,no data,no data,no data,no data,no data,no data,no data,no data,no data,no data,no data,no data,no data,no data,no data,no data,no data,no data,no data,no data,no data,no data,no data,no data,no data,no data,no data,no data,no data,no data,no data,no data,no data,no data,2026
"Korea, Republic of",-10.4,-8.7,-7,-4,-1.9,-2.1,2.2,5.7,6.2,1.5,-1,-2.4,-0.8,0.4,-1,-1.7,-3.9,-1.8,10.1,4.2,1.7,0.4,0.6,1.6,3.6,1.3,0.2,0.9,0.2,3.4,2.3,1.3,3.7,5.4,5.3,6.8,6.2,4.4,4.2,3.4,4.4,4.3,1.3,1.8,5.3,6.6,5.6,5.4,5.3,5.4,5.5,5.5,2025
Kosovo,no data,no data,no data,no data,no data,no data,no data,no data,no data,no data,no data,no data,no data,no data,no data,no data,no data,no data,no data,no data,-3.7,-7.4,-7.8,-8.7,-7,-8,-7.1,-6,-13,-10.4,-12.7,-13.3,-6.2,-3.6,-7.1,-8.7,-7.9,-5.3,-7.6,-5.7,-7,-8.7,-9.4,-7.2,-8.7,-9.2,-10.5,-9.9,-9.1,-8.6,-8.7,-8.7,2026
Kuwait,no data,54.6,22.6,27.1,32.3,23.1,31.7,19.6,24.6,39.6,20.4,-243,-2.3,10.4,12.9,18.5,22.6,25.9,8.5,16.8,38.9,23.9,11.2,19.7,26.2,37.2,44.6,36,40.9,26.7,32,42.9,45.5,40.3,33.4,3.5,-4.6,8,14.3,12.7,4.4,25.2,34.4,31.1,29,23.3,26,21.8,19.4,17.7,16.1,14.3,2024
Kyrgyz Republic,no data,no data,no data,no data,no data,no data,no data,no data,no data,no data,no data,no data,-5.7,-13,-7.6,-15.7,-23.3,-7.8,-22.3,-14.8,-4.3,-1.5,2.8,10.1,6.1,3.8,-2.5,-5.1,-13.8,-4.3,-6.6,-7.7,-15.5,-13.9,-17,-15.9,-11.6,-6.2,-12.1,-11.5,4.5,-8,-41.9,-44.9,-22.6,-23.4,-7.1,-6.1,-5.8,-5.6,-5.5,-5.4,2024
Lao P.D.R.,-2.2,-4.9,-4.5,-3.5,-2,-1.6,-2.5,-4.5,-6.7,-7.9,-4.5,-1.2,-1.7,-1.6,-3.5,-3.5,-6.3,-5.7,-5.7,-6.8,1.5,-12.3,-9.3,-11.6,-13.9,-15.7,-9.3,-10.4,-15.6,-17.8,-16.5,-15.3,-7.3,-7.8,-14.5,-15.7,-8.7,-7.4,-9.1,-7,-1.6,2.3,-3,2.7,4.3,11.4,0.2,0.9,1.4,0.6,-0.1,-0.6,2025
Latvia,no data,no data,no data,no data,no data,no data,no data,no data,no data,no data,no data,no data,11.7,15.8,4.6,-0.3,-4.8,-5.4,-9.3,-7.4,-4.8,-7.7,-6.7,-8.1,-12.8,-12.3,-21.9,-21.8,-12.9,7.9,1.7,-3.5,-3.9,-2.9,-1.5,-0.1,1.8,1.5,-0.4,-0.2,3,-4.1,-5.5,-3.8,-1.5,-3.4,-3.6,-3.6,-3.8,-3.8,-3.6,-3.6,2025
Lebanon,-3.5,-19.4,37.8,-32.6,-27.1,-13.8,-7.6,-6.1,-21.7,-22.5,-39.2,-57.5,-50.5,-6.2,-6.2,-9.8,-10.3,-32.4,-29.9,-19.4,-17.6,-19.7,-24,-25.4,-19.7,-12.7,-5.2,-6.4,-14.7,-19.9,-18.1,-13.8,-23.4,-25.5,-26.2,-17.1,-20.7,-22.9,-24.2,-21.7,-11.8,-22.2,-28.9,-24,-19,-22.5,no data,no data,no data,no data,no data,no data,2024
Lesotho,-9,-12,36.7,42.5,48.2,51.2,48.8,50.2,16.6,16.7,28.8,-32,-19,-8.5,-6.8,-17.1,-22.6,-27.6,-15.4,-23.2,-4.5,6.2,6.3,-3,5,4.8,14,16.4,14.7,-3.8,-13.4,-18.2,-12.6,-9.3,-8.1,-6.8,-10.2,-7,-7,-6.3,-5.7,-9.1,-14,-0.8,2.1,-3.3,-3.4,-2.3,-1.4,-0.2,0.4,-0.1,2025
Liberia,no data,no data,no data,no data,no data,no data,no data,no data,no data,no data,no data,no data,no data,no data,no data,no data,no data,no data,no data,no data,-12.2,-9.7,-2.8,-14,-6.2,2.2,-7.4,-1.6,-30.2,-13.2,1.3,-2.5,-20.7,-8.3,-32.2,-28.3,-21.7,-21.6,-20.4,-19.5,-23.9,-13,-15.9,-20.1,-8.1,-6.3,-12,-11.1,-11.5,-12.4,-12.9,-14.3,2025
Libya,20.4,-11.4,-4.6,-5,-4.8,6.3,-0.7,-4.5,-7.1,-3.7,6.8,1.2,5.1,-2.6,0.5,0.7,-2.3,-2.2,-3.4,0.9,10.9,4.3,-10.2,-12.7,20.6,35.7,46.7,43.7,42.7,15.4,19.3,6.6,25.8,0,-33.1,-18.9,-9.4,6.6,14.7,6.7,-10.2,11.4,22.2,4.2,-4.4,-3.8,4.2,1.6,0.9,1,0.9,1,2024
Liechtenstein,no data,no data,no data,no data,no data,no data,no data,no data,no data,no data,no data,no data,no data,no data,no data,no data,no data,no data,no data,no data,no data,no data,no data,no data,no data,no data,no data,no data,no data,no data,no data,no data,no data,no data,6.9,5,29.7,31.5,24,16.1,17.7,17,14.8,14.9,14.4,13.4,12.7,12.7,12.5,12.4,12.2,12,2026
Lithuania,no data,no data,no data,no data,no data,no data,no data,no data,no data,no data,no data,no data,no data,no data,no data,-9.1,-8.6,-9.7,-11.5,-10.8,-5.8,-4.7,-5.1,-6.8,-7.6,-7.4,-10.6,-15.3,-13.2,2,0.2,-3.7,-1.6,1.7,3.6,-2.5,-1,1,0.4,3.8,7.2,1.4,-6.1,1.1,3.2,1.3,0.2,1,0.7,1.3,1.7,1.7,2024
Luxembourg,no data,no data,no data,no data,no data,no data,no data,no data,no data,no data,no data,no data,no data,no data,no data,12,11.6,10,8.6,10.8,12.7,8.3,7.6,7.1,7.1,6.9,6.6,6.5,6.1,5.8,5.8,5.6,5,3.9,4.1,5.6,7.4,6.4,8.3,8.5,4.7,5,5.4,6.8,4.3,4.7,4.5,4.7,4.9,4.9,4.9,5,2025
Macao SAR,no data,no data,no data,no data,no data,no data,no data,no data,no data,no data,no data,no data,no data,no data,no data,no data,no data,no data,no data,no data,no data,no data,31.5,30.6,33,23.7,14.9,21.7,15.6,27.5,38.9,40.4,38.8,39.3,32.7,23.4,26.6,30.8,32.9,33.5,13.8,8.5,13.6,31.4,36.3,35.7,35,34.2,33.9,33.6,33.1,32.5,2024
Madagascar,-10.7,-7.6,-6.3,-5.3,-4.9,-4.8,-3.3,-4.4,-4.7,-2.6,-6.7,-7.1,-5.3,-6.4,-7.9,-7.2,-3.1,-4.7,-6.6,-5.2,-5.6,-2.6,-8.9,-5.1,-7.9,-12.5,-9.2,-9.9,-15.6,-18.2,-8.9,-6.7,-7.5,-6.5,-0.3,-1.6,0.5,-0.4,0.7,-2.3,-5.4,-4.9,-5.4,-4,-5.3,-5.8,-8,-6.6,-5.7,-5.4,-5.4,-5.4,2025
Malawi,-8.6,-4.8,-3.9,-4.4,-1.4,-4.6,-2.9,-2.1,-2.7,-1.4,-2,-4.2,-6.5,-3.3,-6.2,-2.3,-2.6,-4.2,-0.1,-3.6,-1.7,-1.4,-9.6,-7.3,-7.4,-9.4,-12.4,-5.8,-10.7,-7.2,-6.1,-6.1,-6.9,-6.5,-7,-12.2,-13.1,-15.5,-12,-12.6,-14.1,-15.2,-18.2,-15.6,-18.5,-16.5,-15.4,-13.4,-11.6,-10.7,-10,-9.4,2024
Malaysia,-1,-9,-12.2,-10.6,-4.5,-1.8,-0.3,7.5,4.9,0.8,-1.8,-7.8,-3.4,-4.1,-5.6,-8.9,-4.1,-5.4,12.1,14.6,8.3,7.2,6.5,11.1,11.1,13.8,15.4,14.7,16.3,14.8,9.9,10.7,5.1,3.4,4.3,3,2.4,2.8,2.2,3.5,4.2,3.9,3.2,1.1,1.4,1.6,1.4,1.6,1.8,1.8,1.8,1.8,2025
Maldives,-16.1,-6.2,-4.6,-11.1,-3.4,4.3,6.9,13.2,12.2,11,12.4,2.4,-6.4,-15.5,-2.9,-3.9,-1.4,-5.3,-3.2,-10.4,-6.4,-7.7,-4.3,-3,-10,-23.5,-19.2,-14.2,-26.9,-9.6,-7.3,-14.8,-6.6,-4.3,-3.7,-7.5,-23.5,-20.7,-27.8,-26.1,-35.1,-8.7,-16.3,-21.2,-18.7,-8.4,-17.6,-15.5,-14.1,-13.1,-12.6,-12.4,2025
Mali,-4.6,-6.3,-6.9,-6.9,-8.6,-13.2,-12,-8.7,-8.9,0.7,-0.9,1.2,-0.2,0.4,-3.3,-3.1,-6.5,-5.3,-4.7,-5.3,-7.4,-7.6,-1.7,-5,-5.8,-6,-2.8,-4.7,-11.7,-9.4,-9.2,-4.2,-1.8,-2.4,-4,-4.5,-6.1,-6.1,-4.1,-6.3,-1.8,-6.4,-6.5,-6.5,-4.3,-0.8,-1.5,1.6,2.9,2.1,1.5,0.8,2024
Malta,no data,no data,no data,no data,no data,no data,no data,no data,no data,no data,no data,no data,no data,no data,no data,-4.9,-5.3,-2.8,-2.7,-1.5,-5.2,-1.6,1,-1.2,-5.4,-8.2,-9.4,-3.9,-1,-6.4,-4.5,-0.2,1.6,2.5,8.3,2.6,-0.6,18.9,13.3,17.9,16,9.4,-2.9,6.5,7.1,5.7,5.8,5.2,5,5,5.2,5,2024
Marshall Islands,no data,no data,no data,no data,no data,no data,no data,no data,no data,no data,no data,no data,no data,no data,no data,no data,no data,-12.8,-11.2,-11.6,-12.6,-3.8,7.7,1.3,5.7,8.6,-0.4,4.7,3.8,-8.9,-14.7,3.1,-0.1,-4.4,4.8,17.2,16.2,5.8,5.4,-23.5,22.7,27.4,6.8,15.8,15.7,9.1,2.4,6.2,4.5,3.5,2.3,-3.5,2024
Martinique,no data,no data,no data,no data,no data,no data,no data,no data,no data,no data,no data,no data,no data,no data,no data,no data,no data,no data,no data,no data,no data,no data,no data,no data,no data,no data,no data,no data,no data,no data,no data,no data,no data,no data,no data,no data,no data,no data,no data,no data,no data,no data,no data,no data,no data,no data,no data,no data,no data,no data,no data,no data,2026
Mauritania,no data,no data,no data,no data,no data,no data,no data,no data,no data,no data,-7.3,-4.1,-3.4,-5.1,-1.2,0.3,-0.2,-1.5,-0.9,-1.5,-5.5,-7.5,2,-8.5,-21.9,-29.9,3.7,-9.4,-9.3,-10.4,-6.3,-3.8,-18.8,-17.2,-22.2,-15.5,-11,-10,-13.1,-10.5,-6.8,-8.6,-14.9,-8.7,-9.4,-5.8,-6.5,-6.4,-5.4,-5.9,-6.3,-6.3,2024
Mauritius,-9.4,-12.5,-3.6,-1.6,-4.6,-2.6,6.2,3.4,-2.5,-4.5,-4.3,-0.6,0,-2.6,-6,-0.5,0.7,-2.1,0.1,-2.7,-0.7,5.7,4.9,1.5,-1.7,-4.7,-8.6,-5.1,-9.6,-7.1,-9.9,-13.2,-7,-6.1,-5.3,-3.5,-3.9,-4.5,-3.8,-5,-8.9,-13.1,-11.1,-3,-6.4,-6.4,-6.9,-5.1,-3.5,-3.2,-2.4,-2.3,2024
Mayotte,no data,no data,no data,no data,no data,no data,no data,no data,no data,no data,no data,no data,no data,no data,no data,no data,no data,no data,no data,no data,no data,no data,no data,no data,no data,no data,no data,no data,no data,no data,no data,no data,no data,no data,no data,no data,no data,no data,no data,no data,no data,no data,no data,no data,no data,no data,no data,no data,no data,no data,no data,no data,2026
Mexico,-5.1,-5.9,-0.8,7.4,5.2,2.2,0.3,4.6,-1.1,-2.9,-3.4,-5.9,-8.5,-6.4,-7.8,-0.4,-0.6,-1.5,-2.9,-2.2,-2.5,-2.2,-1.5,-0.5,-0.5,-0.6,-0.3,-0.8,-1.4,-0.8,-0.3,-0.9,-1.4,-2.4,-1.8,-2.6,-2.3,-1.8,-2.1,-0.3,2.4,-0.3,-1.3,-0.7,-0.9,-0.4,-0.4,-0.5,-0.6,-0.7,-0.7,-0.7,2025
"Micronesia, Fed. States of",no data,no data,no data,no data,no data,no data,no data,no data,no data,no data,no data,no data,no data,no data,no data,-9.2,-19.1,-31.1,-25.2,-21.1,-14.7,-17.5,-10.2,-6.1,-18.8,-10.2,-15.7,-10.8,-19.1,-21.4,-17.9,-19.4,-13.7,-10,10.3,10.2,13.6,19.4,26.3,19.4,7.3,9.9,16.5,5.5,3.5,3.8,1.1,-0.4,-0.7,-1.1,-1.1,-1,2023
Moldova,no data,no data,no data,no data,no data,no data,no data,no data,no data,no data,no data,no data,-4.5,-16.3,-8.4,-5.9,-11.3,-14.3,-19.7,-5.8,-7.5,-1.8,-1.2,-6.6,-1.8,-7.6,-11.3,-15.2,-16.1,-8.9,-6.9,-10.1,-7.4,-5.2,-6,-6,-3.6,-5.8,-10.8,-9.4,-7.7,-12.4,-17.1,-11.1,-16.5,-19.1,-21.9,-20.4,-19.1,-17.6,-16.5,-15.6,2025
Monaco,no data,no data,no data,no data,no data,no data,no data,no data,no data,no data,no data,no data,no data,no data,no data,no data,no data,no data,no data,no data,no data,no data,no data,no data,no data,no data,no data,no data,no data,no data,no data,no data,no data,no data,no data,no data,no data,no data,no data,no data,no data,no data,no data,no data,no data,no data,no data,no data,no data,no data,no data,no data,2026
Mongolia,no data,no data,no data,no data,no data,no data,no data,no data,no data,no data,no data,-3.4,-2.4,4,4.1,1.8,-2.7,6.3,-6.7,-5.7,-6.1,-4.9,-7.5,-6.2,3.2,3.5,10.9,4.1,-12.3,-7.5,-12.3,-43.3,-43.8,-37.6,-15.8,-8.2,-6.3,-10.1,-16.7,-15.2,-5.1,-13.8,-13.4,0.6,-10.4,-8.6,-7.9,-8.6,-8.8,-8.8,-9.3,-9.3,2025
Montenegro,no data,no data,no data,no data,no data,no data,no data,no data,no data,no data,no data,no data,no data,no data,no data,no data,no data,no data,no data,no data,no data,-13.6,-11.5,-6.9,-7.2,-16.7,-31.7,-40.1,-49.5,-27.8,-20.3,-14.9,-15.3,-11.5,-12.4,-11.1,-16.3,-16.3,-17.2,-14.4,-26.3,-9.3,-12.9,-11.2,-17.1,-20.5,-19.4,-18.3,-17.6,-16.5,-16,-15.7,2025
Montserrat,no data,no data,no data,no data,no data,no data,no data,no data,no data,no data,no data,no data,no data,no data,no data,no data,no data,no data,no data,no data,no data,no data,no data,no data,no data,no data,no data,no data,no data,no data,no data,no data,no data,no data,no data,no data,no data,no data,no data,no data,no data,no data,no data,no data,no data,no data,no data,no data,no data,no data,no data,no data,2026
Morocco,-3.7,-5.9,-5,-5.6,-5.5,-7.7,-5.8,-6.5,0.4,-3.5,-2.2,-2.3,-2.4,-2.5,-3.1,-4.4,-1.4,-1.9,-2,-2.2,-3.4,1.9,3.2,2.8,1.5,1.6,1.9,-0.1,-4.6,-4.9,-4,-7.3,-8.8,-6.8,-5.5,-2,-3.8,-3.2,-4.9,-3.4,-1.2,-2.3,-3.5,-1,-1.2,-2.1,-3.1,-2.9,-3.1,-3.4,-3.2,-3.3,2024
Mozambique,-8,-11.4,-13.6,-12.7,-9,-6.7,-7.7,-16.2,-17,-20.9,-14.7,-14.4,-17.9,-21.1,-21.9,-15.2,-13.9,-9,-13.9,-13.6,-11.8,-11.5,-14.6,-12.4,-6,-8.6,-7.9,-7.3,-8.9,-10,-14.7,-22.8,-40.7,-40,-35.8,-36.8,-31.9,-19.5,-29.5,-16.1,-26.5,-21.2,-33.7,-10.6,-11,-14.2,-43,-39.6,-36.4,-30.9,-16.3,-1.8,2022
Myanmar,no data,no data,no data,no data,no data,no data,no data,no data,no data,no data,no data,no data,no data,no data,no data,no data,no data,no data,-21.5,-13.8,-8.3,-6.9,-1.6,1.2,2.3,5.2,7.3,2.7,-3.2,-3.1,4.8,-1.9,-1.8,-1.2,-3.4,-5.4,-5.1,-3.8,-2.7,-1.8,-0.4,-2.8,-3.5,-2.9,3.1,0.4,-1.1,-1.7,-2,-2,-2.1,-2.1,2022
Namibia,no data,no data,no data,no data,no data,no data,no data,no data,no data,no data,1.1,3.7,1.5,3.5,2.4,4.5,2.9,2.2,4.2,-0.7,4.9,0.3,2.5,5.3,6.7,4.5,14,8.6,-0.1,-3.6,-4,-6.9,-8.6,-8.2,-9.4,-13.6,-16.5,-4.4,-3.6,-1.8,3.9,-10.8,-12.6,-15.2,-14.2,-13.2,-15.7,-13.6,-13.3,-12.7,-12,-12.1,2025
Nauru,no data,no data,no data,no data,no data,no data,no data,no data,no data,no data,no data,no data,no data,no data,no data,no data,no data,no data,no data,no data,no data,no data,no data,no data,no data,no data,no data,no data,53.4,64.1,47.9,28.8,34.4,51.6,29,-19.6,4.2,12.4,7.6,4.6,2.5,4.5,1.6,1.2,6,2.7,2.3,2.1,2.1,2,2,2,2025
Nepal,-5,-3.9,-7,-7.9,-7.7,-5.3,-3.6,-3.8,-5.3,-6.2,-6.6,-6.7,-5.1,-4.6,-5.2,-1.9,-4.4,-0.6,-0.8,3.5,5.6,6.7,3.4,2.1,2.4,1.8,1.9,-0.1,2.4,3.7,-2.1,-0.8,4.2,2.9,4,4.4,5.5,-0.3,-7.1,-6.9,-1,-7.7,-12.6,-0.9,3.9,6.7,6.9,2,-0.3,-1.7,-3,-4,2025
Netherlands,-0.4,2.4,3.2,3.3,4.5,2.9,2.1,1.7,2.7,3.8,2.5,2.3,1.9,3.7,4.5,5.7,4.8,6,3,3.5,1.7,2.3,2.3,5.1,7.6,6.6,8.1,5.3,3.9,3.3,6.4,7.1,7.5,7.9,8.6,4.8,7.2,8.1,8.8,6.8,5.7,10.2,6.8,9.4,9.1,8.8,8.8,8.7,8.7,8.7,8.6,8.5,2024
New Caledonia,no data,no data,no data,no data,no data,no data,no data,no data,no data,no data,no data,no data,no data,no data,no data,no data,no data,no data,no data,no data,no data,no data,no data,no data,no data,no data,no data,no data,no data,no data,no data,no data,no data,no data,no data,no data,no data,no data,no data,no data,no data,no data,no data,no data,no data,no data,no data,no data,no data,no data,no data,no data,2026
New Zealand,-4,-4.9,-7.4,-4.4,-8.8,-6.6,-5.6,-4,-0.3,-3,-2.9,-2.4,-3.7,-3.3,-3.2,-4,-4.7,-5.2,-2.8,-5,-3.3,-0.8,-2.1,-2.5,-4.6,-7.1,-7.2,-6.9,-7.7,-2.2,-2.3,-2.8,-3.9,-3.2,-3.1,-2.8,-2.1,-2.9,-4.3,-2.9,-1,-5.8,-9,-6.3,-4.7,-3.7,-4,-3.8,-3.6,-3.3,-3.1,-2.9,2025
Nicaragua,-22.5,-27.4,-20.6,-17.5,-15.1,-20,-11.9,-20.3,-47.7,-17.4,-58.8,-7.2,-19.7,-16.2,-23.6,-17.4,-19.1,-19.2,-14.8,-19.1,-18.3,-15.4,-15,-13.3,-11.9,-12.4,-13.1,-16.3,-17.1,-8.5,-8.9,-11.9,-11.7,-12.6,-8,-9.9,-8.5,-7.2,-1.8,5.9,3.8,-2.8,-2.9,8.2,4.2,8.6,6.4,5.2,3.8,2.3,1.2,-0.1,2024
Niger,-7.8,-5.9,-8.2,-2.4,0.1,-3.2,-5.8,-5.6,-7.2,-8.4,-6.8,-5.4,-4.7,-3.2,-6.5,-6.6,-4.5,-5.8,-5.8,-5.4,-4.7,-3.8,-6,-6.5,-6.2,-7.1,-6.6,-6.2,-9,-18.1,-14.5,-16.4,-10.9,-11.3,-12.1,-15.3,-11.4,-11.4,-12.7,-12.2,-13.2,-14.1,-16.2,-13.9,-5.6,-5,-6.1,-4,-3.6,-3,-2.5,-2,2024
Nigeria,no data,no data,no data,no data,no data,no data,no data,no data,no data,no data,5.7,1.4,3.1,-1,-1.9,-1.4,1.4,0.2,-1.4,0.6,7.8,2.4,0.8,2.3,9.2,15.3,11.6,7.4,6.2,3.3,2.5,1.8,2.6,2.6,0.1,-2.2,0.9,2.6,1.2,-2,-2.7,-0.5,0.2,1.3,6.8,5.1,5.8,3.1,2.7,3,3,3.3,2024
Niue,no data,no data,no data,no data,no data,no data,no data,no data,no data,no data,no data,no data,no data,no data,no data,no data,no data,no data,no data,no data,no data,no data,no data,no data,no data,no data,no data,no data,no data,no data,no data,no data,no data,no data,no data,no data,no data,no data,no data,no data,no data,no data,no data,no data,no data,no data,no data,no data,no data,no data,no data,no data,2026
North Macedonia ,no data,no data,no data,no data,no data,no data,no data,no data,no data,no data,no data,no data,-0.4,-4.1,-8.6,-5.8,-7.1,-7.6,-8.3,-2.5,-1.8,-6.7,-8.9,-3.9,-7.9,-2.4,-0.4,-6.9,-12.8,-6.8,-2,-2.5,-3.2,-1.6,-0.4,-1.8,-2.6,-0.8,0.2,-3,-2.9,-2.8,-6.1,0.3,-2.2,-4.4,-5,-4.4,-3.4,-3.2,-3,-3,2025
Northern Mariana Islands,no data,no data,no data,no data,no data,no data,no data,no data,no data,no data,no data,no data,no data,no data,no data,no data,no data,no data,no data,no data,no data,no data,no data,no data,no data,no data,no data,no data,no data,no data,no data,no data,no data,no data,no data,no data,no data,no data,no data,no data,no data,no data,no data,no data,no data,no data,no data,no data,no data,no data,no data,no data,2026
Norway,1.7,3,0.5,3.6,4.9,4.3,-6.4,-5.1,-4.4,-0.6,1.9,3.1,3,2.4,2.5,3,6.3,5.8,-0.6,5.2,14.5,15.6,12.3,12,12.4,16.2,16.3,12.3,15.9,11.1,11.4,13,13.7,11.3,11.7,9.2,5.3,5.4,8.6,3.6,1.8,14.4,27.8,17.1,15,14.1,14.3,13.6,12.9,12.3,11.7,11.2,2025
Oman,15.4,15.6,5.4,5.2,3,0.1,-10.9,8,-3.2,3.3,8.2,-1.5,-3.9,-9.6,-5.1,-5.2,1.2,-1.1,-19.5,-2.6,14.1,8.9,7.4,5.9,3.2,14.6,13.3,5.1,7.2,-0.9,7.6,11.4,9,5.9,4.6,-13.8,-16.6,-13.6,-4.9,-4.9,-16.5,-5.5,3.7,2.3,3.2,1.3,7.5,5.6,6,6,5.8,5.6,2024
Pakistan,-2.4,-1.9,-0.7,-1.2,-2.2,-1.7,-1.1,-1.8,-2.2,-2.3,-2.1,-2.3,-1.3,-4,-2,-2.2,-4,-3.5,-1.7,-1.9,-0.2,0.3,2.9,3.6,1.4,-1,-3,-3.7,-6.8,-4.9,-2,0.1,-1.9,-1,-1.2,-0.9,-1.6,-3.6,-5.4,-4.2,-1.5,-0.8,-4.7,-1,-0.6,0.5,-0.4,-0.9,-0.8,-0.8,-0.9,-1,2025
Palau,no data,no data,no data,no data,no data,no data,no data,no data,no data,no data,no data,no data,no data,no data,no data,no data,no data,no data,no data,no data,-50.6,-32.6,-30,-27.5,-34.7,-26.9,-28.1,-21.2,-23,-13.6,-12.1,-16.8,-19.3,-17.9,-22.7,-13.3,-16,-22.8,-18.6,-33.7,-43.6,-43.4,-45.1,-38.2,-20.2,-19,-17.2,-15.2,-13.3,-11.7,-13.1,-12.5,2024
Panama,-8.7,-12.6,-4.1,4.1,-4,1.4,-1.8,9.8,15,2.3,4,-4.2,-4,-1.3,0.2,-6,-2.2,-5,-9.1,-10,-5.8,-1.6,-0.9,-4.2,-6.9,-6.4,-2.5,-5.4,-8.9,-0.8,-10.3,-12.7,-9,-8.7,-13,-8.7,-7.5,-5.8,-7.9,-5.1,0.2,-1.2,0,-3.1,0.7,0.3,-1.5,-2.5,-2.5,-2.5,-2.5,-2.5,2024
Papua New Guinea,-5.6,-10.2,-7.9,-9.9,-9.1,-4.6,-3,-5.5,-6.2,-6.8,-1.9,-2.7,0,7.1,6,12.8,2.6,-6.3,-5.6,-2.3,4.4,4.9,1.4,1.5,-0.3,8.5,-1.2,2.5,5.4,-11,-9.9,-9.6,-20,-23.9,12.4,11.1,13.6,15.9,13.6,14.4,14.4,12.6,14.4,9.1,15.6,14.7,13.7,11.6,11.4,10.7,10.5,10.4,2025
Paraguay,-6.8,-7.2,-6.9,-4.1,-6.4,-6,-7.3,-11.6,-3.8,6.3,8,1.2,-0.8,0.8,-3.5,-2.4,-0.7,-5.5,1.4,1.6,-2.8,-0.4,8.6,0.2,-0.1,-0.6,1.2,4.4,0.4,1.8,-1.1,-0.7,-1.9,0.8,-0.8,-0.2,4.6,3.7,0.2,-0.2,2.4,-0.6,-6.5,0.1,-3.4,-3.5,-3,-2.1,-1.4,-0.9,-0.6,-0.2,2024
Peru,-5.2,-9.7,-9.1,-6.8,-1.4,0.3,-5.4,-4.3,-5.4,-0.5,-5.1,-4.5,-5.5,-7.2,-6.2,-9,-6.8,-6,-6.2,-2.8,-3.1,-2.3,-2,-1.6,0.1,1.6,3.3,1.5,-4.4,-0.5,-2.4,-2,-2.9,-4.8,-4.3,-4.6,-2.2,-0.9,-1.2,-0.7,0.8,-2.2,-4,0.3,2.2,3.1,3.4,2.5,1.2,0.2,-0.4,-0.8,2025
Philippines,-5.1,-5.1,-7.5,-7.3,-3.6,-0.1,2.8,-1.2,-0.9,-3,-5.3,-2,-1.7,-4.9,-4,-2.3,-4.2,-4.6,2.1,-3.4,-2.7,-2.2,-0.3,0.3,1.7,1.9,5.5,5.2,0.1,4.8,3.4,2.4,2.7,4,3.6,2.4,-0.4,-0.7,-2.6,-0.8,3.2,-1.5,-4.5,-2.8,-4,-3.3,-4.4,-3.5,-3,-2.8,-2.9,-2.7,2025
Pitcairn,no data,no data,no data,no data,no data,no data,no data,no data,no data,no data,no data,no data,no data,no data,no data,no data,no data,no data,no data,no data,no data,no data,no data,no data,no data,no data,no data,no data,no data,no data,no data,no data,no data,no data,no data,no data,no data,no data,no data,no data,no data,no data,no data,no data,no data,no data,no data,no data,no data,no data,no data,no data,2026
Poland,-6,-7.4,-3,-2.1,-1.4,-1.4,-1.5,-0.6,-0.2,-2.1,4.9,-2.7,-3.5,-6.4,0.6,0.6,-2.1,-3.6,-4,-7.4,-6,-3.1,-2.8,-2.5,-6,-3.3,-4.6,-6.7,-6.7,-3.9,-5.2,-5.1,-4.1,-2,-3,-1.3,-1.1,-1.2,-2,-0.3,2.4,-1.3,-2.3,1.5,0.3,-0.7,-1.1,-0.9,-0.6,-0.7,-0.9,-1,2024
Portugal,-3.3,-14.4,-10.6,-5.8,-2.4,1.4,3.1,0.9,-1.9,0.3,-0.2,-0.8,-0.2,0.2,-2.2,-0.1,-4.5,-6.1,-7.5,-8.9,-10.8,-10.4,-8.4,-6.6,-8,-9.6,-10.3,-9.6,-11.8,-10.4,-10.3,-6.1,-1.5,1.5,0.3,0.5,1.4,1.5,0.8,0.8,-0.7,-0.7,-2,0.6,2.2,1.2,0.5,0.7,0.8,0.7,0.6,0.5,2024
Puerto Rico,no data,no data,no data,no data,no data,no data,no data,no data,no data,no data,no data,no data,no data,no data,no data,no data,no data,no data,no data,no data,no data,no data,no data,no data,no data,no data,no data,no data,no data,no data,no data,no data,no data,no data,no data,no data,no data,no data,no data,no data,no data,no data,no data,no data,no data,no data,no data,no data,no data,no data,no data,no data,2026
Qatar,125.5,111.5,87.1,67.3,98.8,73.2,39.3,46.1,38.5,52.5,-10.6,-15.6,-16.7,-21.6,-19.2,-27.6,-27.3,-30.9,-25.5,0.8,9.2,23.7,19.8,24.3,24.6,16.8,16.1,15.1,23.6,7.2,20,31.1,33.2,30.4,24,8.5,-5.5,4,9.1,2.4,-2.1,14.6,26.8,16.8,17.3,14.5,11,9.9,10.3,12.5,13.8,14.4,2023
Reunion,no data,no data,no data,no data,no data,no data,no data,no data,no data,no data,no data,no data,no data,no data,no data,no data,no data,no data,no data,no data,no data,no data,no data,no data,no data,no data,no data,no data,no data,no data,no data,no data,no data,no data,no data,no data,no data,no data,no data,no data,no data,no data,no data,no data,no data,no data,no data,no data,no data,no data,no data,no data,2026
Romania,-5.2,-1.5,1.9,2.4,4.4,2.9,2.7,3.5,6.5,4.6,-4.6,-4.3,-8.5,-4.4,-1.6,-4.4,-6.6,-5.4,-6.8,-4,-2.6,-3.2,-2.7,-4.7,-7.6,-8.7,-10.5,-13.6,-11.5,-4.6,-5.1,-4.7,-4.6,-1.1,-0.3,-0.6,-2.1,-3.2,-4.6,-4.9,-5.1,-7.2,-9.6,-6.7,-8.2,-8,-6.8,-6.2,-5.6,-5.4,-5.1,-5,2025
Russian Federation,no data,no data,no data,no data,no data,no data,no data,no data,no data,no data,no data,no data,-1.7,1.3,3,2.2,2.4,-0.2,0,10.9,16.3,9.8,7.4,7.2,9.2,10.3,8.7,5.2,5.8,3.9,4.1,4.8,3.3,1.5,2.8,5,1.9,2,7,3.9,2.4,6.8,10.4,2.4,2.9,1.6,2.9,2.3,1.8,1.4,1.2,1.1,2025
Rwanda,-3.5,-4.3,-5.1,-2.5,-2.3,-2.9,-2.8,-5,-4.1,-3.4,-2.9,-1.6,-3.6,-5.9,7.1,4,-0.5,-2.9,-3.7,-6.7,-4.7,-5.3,-7,-5,-1.9,-2.3,-4.2,-2.1,-4.7,-6.8,-6.6,-7,-9.8,-7.6,-11.5,-12.8,-15.5,-9.6,-10.1,-11.7,-11.7,-10.7,-9,-11.4,-12.1,-13,-13.4,-11.7,-8.6,-7.9,-6.7,-6,2024
Saint Helena,no data,no data,no data,no data,no data,no data,no data,no data,no data,no data,no data,no data,no data,no data,no data,no data,no data,no data,no data,no data,no data,no data,no data,no data,no data,no data,no data,no data,no data,no data,no data,no data,no data,no data,no data,no data,no data,no data,no data,no data,no data,no data,no data,no data,no data,no data,no data,no data,no data,no data,no data,no data,2026
Saint Kitts and Nevis,no data,no data,no data,no data,no data,no data,no data,no data,no data,no data,no data,no data,no data,no data,no data,no data,no data,no data,no data,no data,no data,no data,no data,no data,no data,no data,no data,no data,no data,no data,no data,no data,no data,no data,0.7,-8.1,-12.1,-10.3,-5.9,-4.9,-11,-3.4,-10.8,-13.7,-13,-14.6,-15.4,-14.2,-13.1,-12.6,-12,-11.9,2024
Saint Lucia,-15.1,-17.3,-12.2,0.3,-3.4,-0.7,-1.6,-3.5,-4.3,-13.5,-10.2,-12,-8.3,-7.3,-6.8,-4.8,-7.3,-9.8,-6.9,-12,-17.8,-18.8,-17.6,-20.9,-14.9,-15.5,-29.4,-18.5,-24.4,-8.5,-12.7,-14.3,-10,-6.5,-2.4,-0.5,-6.3,-1.9,1.5,3.3,-18.8,-10.4,-3.3,-2.2,-1.6,-4.6,-4.6,-3.7,-3,-2.3,-1.6,-1.1,2024
Saint Martin,no data,no data,no data,no data,no data,no data,no data,no data,no data,no data,no data,no data,no data,no data,no data,no data,no data,no data,no data,no data,no data,no data,no data,no data,no data,no data,no data,no data,no data,no data,no data,no data,no data,no data,no data,no data,no data,no data,no data,no data,no data,no data,no data,no data,no data,no data,no data,no data,no data,no data,no data,no data,2026
Saint Vincent and the Grenadines,no data,no data,no data,no data,no data,no data,no data,no data,no data,no data,no data,no data,no data,no data,no data,no data,no data,no data,no data,no data,no data,no data,no data,no data,no data,no data,no data,no data,no data,no data,no data,no data,no data,no data,-25.2,-15.6,-13.1,-11.9,-10.3,-2.4,-15.9,-23.2,-20.5,-18.2,-17.1,-20.2,-19.8,-17.1,-16.2,-15.7,-15.9,-16.1,2025
Saint-Pierre and Miquelon,no data,no data,no data,no data,no data,no data,no data,no data,no data,no data,no data,no data,no data,no data,no data,no data,no data,no data,no data,no data,no data,no data,no data,no data,no data,no data,no data,no data,no data,no data,no data,no data,no data,no data,no data,no data,no data,no data,no data,no data,no data,no data,no data,no data,no data,no data,no data,no data,no data,no data,no data,no data,2026
Samoa,-12.6,-13.9,-7.7,1.1,-2.4,1.8,8.7,9,9.8,10.1,7.1,-17.4,-13.2,-17.6,2.4,4,4.4,-3.1,0.9,-8.2,-1.7,-4,-8.3,-3.8,-3.3,-7.1,-8.5,-13.5,-4.7,-4.6,-5.4,-3,-6.5,-1.5,-8.6,-2.6,-4.2,-1.8,0.8,2.8,0.9,-14.6,-10.6,-3,4.4,5.7,-1.6,-4,-2.3,-2.4,-2.5,-2.3,2025
San Marino,no data,no data,no data,no data,no data,no data,no data,no data,no data,no data,no data,no data,no data,no data,no data,no data,no data,no data,no data,no data,no data,no data,no data,no data,no data,no data,no data,no data,no data,no data,no data,no data,no data,no data,no data,no data,no data,-0.4,-1.9,2,2.8,5.4,13.6,22,18.4,17.1,17.1,16.9,16,15.1,14.8,14.4,2023
Saudi Arabia,25.2,21.5,4.9,-13,-15.4,-12.4,-13.6,-11.4,-8.3,-10,-3.5,-20.8,-12.9,-13,-7.8,-3.7,0.4,0.2,-8.9,0.3,7.6,5.1,6.3,13,20.1,28.1,27.4,23.9,26.9,6.6,14.1,24.2,22.6,18.3,9.9,-7.9,-3.9,1.2,7.9,3.6,-4.5,4.6,11.7,2.1,-1.3,-3,-1.6,-3,-3.5,-3.6,-3.7,-3.8,2024
Senegal,-10,-11.5,-8,-8.9,-8.1,-7.4,-5.2,-4.9,-6.7,-6.3,-6.3,-6.5,-6.8,-6.5,-6.1,-5.4,-5.3,-4.6,-5.3,-5.2,-5.5,-3.8,-4.6,-5,-5.1,-6.2,-6.2,-9.6,-11.3,-5.3,-3.5,-6.5,-8.8,-8.3,-7,-5.7,-4.2,-7.3,-8.8,-7.9,-11.9,-12.1,-19.9,-19.8,-11.3,-5.6,-6.2,-5.8,-5.7,-5.6,-5.5,-5.3,2024
Serbia,no data,no data,no data,no data,no data,no data,no data,no data,no data,no data,no data,no data,no data,no data,no data,no data,no data,-4.5,-2.3,-3.5,-1.7,1.9,-3.5,-6.5,-12.2,-7.8,-8.9,-15.4,-19.1,-5.7,-5.8,-7.8,-10.4,-5.5,-5.4,-3.3,-2.8,-5,-4.6,-6.6,-3.9,-4.1,-6.5,-2.3,-4.5,-4.9,-5.7,-4.4,-5,-4.9,-4.8,-4.8,2025
Seychelles,-10.6,-12.2,-27.5,-17.8,-8.8,-11.4,-16,-8.5,-10,-13,-3.5,-2.2,-1.6,1.8,6.5,0.3,-10.4,-11.7,-17.5,-18.7,-7,-24.6,-14.5,-1.3,-7.2,-18.9,-13.2,-10.8,-18.5,-14.8,-19.1,-22.6,-15.2,-11.9,-22.4,-17.9,-2.9,0.3,-2.4,-2.8,-12.5,-10.5,-7.6,-6.4,-7.9,-6.5,-7.8,-5.6,-5.8,-5.4,-4.7,-4.6,2024
Sierra Leone,-6.1,-4.5,-5.2,-0.6,-0.7,0.1,6.7,-1.7,-0.1,-2.2,-4.6,0.8,-0.3,-3.2,-4.2,-5.8,-6.9,-2.8,-2.1,-6.4,-7.5,-5.7,-3.7,-3.7,-4.2,-3.8,-3,-4.6,-5.7,-8.6,-14,-39.9,-21.1,-10.9,-7.2,-14.9,-4.9,-11.7,-9.3,-7.8,-5.8,-7.3,-6.3,-9.5,-6.9,-5.1,-3.3,-2.9,-2.9,-2.9,-3.4,-3,2024
Singapore,-13.4,-10.7,-8.5,-3.6,-2.1,0.1,1.8,-0.5,7.3,9.5,8.1,10.7,11.2,6.8,15.3,16.5,14.6,15.6,21.8,17.2,11.1,14.4,14.9,24.3,19.3,23.3,26.9,27.1,15.1,16.4,22.9,22.2,17.6,15.7,18,18.7,18,18.5,15.7,15.5,17.7,19.3,18.9,16.4,17.2,16.7,16.6,16.5,16.5,16.4,16.3,16.3,2025
Sint Maarten,no data,no data,no data,no data,no data,no data,no data,no data,no data,no data,no data,no data,no data,no data,no data,no data,no data,no data,no data,no data,no data,no data,no data,no data,no data,no data,no data,no data,no data,no data,no data,no data,no data,no data,no data,no data,no data,no data,no data,no data,no data,no data,no data,no data,no data,no data,no data,no data,no data,no data,no data,no data,2026
Slovak Republic,no data,no data,no data,no data,no data,no data,no data,no data,no data,no data,no data,no data,no data,-4.7,4.1,2.7,-9.6,-8.8,-9.5,-4.5,-3.1,-8,-7.6,-4.9,-5.9,-7.3,-7,-4.8,-6.4,-3.4,-4.6,-4.9,0.9,2.9,1.7,-2.1,-1.5,-1.7,-1.6,-3.5,-0.5,-4.8,-9.6,-3,-4.6,-3.6,-3,-1.7,-1.4,-1.1,-1.1,-1.1,2025
Slovenia,no data,no data,no data,no data,no data,no data,no data,no data,no data,no data,no data,no data,5.6,1.7,3.4,-0.5,0.1,0.1,-0.7,-3.2,-2.8,0,0.9,-0.8,-2.7,-1.8,-1.8,-4.2,-5.3,-1,-0.7,-0.8,1.4,3.5,5.3,4.1,5.3,6.8,6.5,6.4,7.3,3.5,-0.9,4.8,4.5,3.5,3.2,2.8,2.9,2.8,2.8,2.8,2025
Solomon Islands,-2.6,-9.2,-1.8,-3,0.2,-14.5,4.8,0.1,-10.1,-12.8,-10.3,-13.5,-2.3,-2.1,0.3,-15.3,-5.7,-3.3,-1,2.4,-6.1,-5.3,-3.6,5,13.1,-5.2,-6.8,-11.5,-9.9,-7.4,-16,-1.9,2.2,-2.1,-3.7,-2.7,-3.7,-4.3,-3,-9.5,-1.6,-5,-14.6,-11.4,-4.2,-1,-4.6,-4.9,-5,-4.9,-4.8,-4.8,2024
Somalia,no data,no data,no data,no data,no data,no data,no data,no data,no data,no data,no data,no data,no data,no data,no data,no data,no data,no data,no data,no data,no data,no data,no data,no data,no data,no data,no data,no data,no data,no data,no data,no data,no data,-6.3,-2.3,-2.1,-5.5,-3.6,-3.2,-9.7,-4.7,-7.1,-8.6,-8.9,-9.1,-9.5,-8.7,-9.6,-10.3,-11.4,-11.6,-10.3,2023
South Africa,3.7,-5.5,-4,-0.4,-2.2,3.6,3.8,5.3,2.5,1.4,1.2,1,1.3,1.9,0,-1.5,-1,-1.3,-1.5,-0.4,-0.1,0.2,0.8,-0.7,-2.5,-2.8,-4,-4.8,-5,-2.4,-1.3,-2,-4.7,-5.3,-4.8,-4.3,-2.7,-2.4,-2.9,-2.6,2,3.7,-0.3,-1.1,-0.7,-0.5,-0.9,-1.4,-1.6,-1.7,-1.8,-1.8,2024
"South Sudan, Republic of",no data,no data,no data,no data,no data,no data,no data,no data,no data,no data,no data,no data,no data,no data,no data,no data,no data,no data,no data,no data,no data,no data,no data,no data,no data,no data,no data,no data,no data,no data,no data,18,-15.9,-3.9,-5.4,-3.3,-7.6,10.3,-12.3,-4.8,-31.7,-0.1,-7.9,-18.4,53.7,-4,3.2,4.8,5.2,5.6,5.7,6.2,2024
Spain,-2.3,-2.5,-2.4,-1.4,1.2,1.1,1.5,0,-1,-2.8,-3.4,-3.5,-3.4,-2,-2.1,-1.2,-0.8,-0.7,-1.6,-3.2,-4.2,-4.3,-3.7,-3.8,-5.4,-7.2,-8.8,-9.4,-8.8,-4,-3.6,-2.6,0.2,2.1,1.8,2,3.1,2.8,1.9,2.1,0.8,0.8,0.4,2.7,3.2,2.9,2.2,1.9,1.7,1.5,1.5,1.5,2025
Sri Lanka,-16.3,-12.4,-13.6,-7.5,-0.7,-5.8,-7.2,-6.1,-7.8,-6.8,-3.9,-5.8,-4.8,-4.9,-6.9,-6.5,-5.3,-2.9,-1.9,-3.5,-5.3,-0.9,-1.2,-0.3,-2.7,-2.1,-4.5,-3.7,-8.1,-0.4,-1.8,-6.8,-5.7,-3.3,-2.4,-2.2,-2,-2.4,-3,-2.1,-1.4,-3.7,-2,1.7,1.2,no data,no data,no data,no data,no data,no data,no data,2024
Sudan,-10.2,-21,-23.2,-11,-9.6,-14.9,-18.4,-13.4,-19.3,-12.1,-98,-98.9,-47.6,-26.8,-24.8,-22,-13,-10.7,-13.1,-7.2,-3.9,-3.3,-5.4,-4.4,-3.1,-7,-14.4,-6.1,-5.5,-9,-2.6,-4,-12.8,-11,-5.8,-8.5,-6.5,-9.4,-13.9,-15.2,-16.6,-7.5,-11.3,-3.8,-3.3,-8.1,-4.5,-10.3,-11.1,-10.6,-9.7,-9,2021
Suriname,1.2,-1.9,-3.8,-12.2,-8.5,-2.3,-3.4,-1.9,-2,7.7,-0.3,-15,-4.2,4.5,10.2,6.3,-5.1,-7,-11.5,-6.9,-0.7,-24.1,-13.6,-5,-6.9,-6.1,7.8,10.3,8.6,2.7,13.9,9.1,3,-3.6,-7.4,-15.3,-4.8,1.9,-3,-11.2,8.9,-2.6,1.3,-3.7,-12.9,-53.3,-44.8,-42.2,-7.4,32.5,30.1,28.9,2025
Svalbard and Jan Mayen Islands,no data,no data,no data,no data,no data,no data,no data,no data,no data,no data,no data,no data,no data,no data,no data,no data,no data,no data,no data,no data,no data,no data,no data,no data,no data,no data,no data,no data,no data,no data,no data,no data,no data,no data,no data,no data,no data,no data,no data,no data,no data,no data,no data,no data,no data,no data,no data,no data,no data,no data,no data,no data,2026
Sweden,-3.1,-2.2,-3,-0.7,0.7,-1,0.6,0.2,-0.2,-1.4,-2.4,-1.7,-2.7,-1.3,1,3.1,3.3,3.8,3.5,3.8,3.8,4.6,4.4,5.8,5.9,6,8.1,8.1,7.8,5.9,5.9,5.5,5.5,4.7,3.5,2.7,2,2.2,2.1,5.2,5.7,6.2,4,6.2,6.9,6.1,5.3,4.7,4.6,4.7,4.7,4.8,2024
Switzerland,-0.5,2.3,3.3,0.2,4.9,4.8,2.3,2.7,3.6,3.4,2.7,4,4.5,6.2,5.4,5,5.4,8.5,7.7,8.8,11.2,7.1,7.2,11.1,12.4,11.2,12.6,8.7,1.6,6,13.5,6.8,9.3,10.1,7.4,9,7.1,5.2,6,4,0.6,7.4,9,5.8,8.9,7.1,6.8,7.1,7.4,7,7.4,7,2025
Syria,-4.9,-2.8,-1.4,-4.3,-4.2,-4.1,-2,-0.9,-0.8,12.4,14.2,13.2,4.1,-1.8,-5.6,1.3,-0.2,2.5,0.8,1.8,5.2,4,4.9,-7.7,-3.1,-2.2,1.4,-0.2,-1.3,-2.9,-2.8,no data,no data,no data,no data,no data,no data,no data,no data,no data,no data,no data,no data,no data,no data,no data,no data,no data,no data,no data,no data,no data,2009
São Tomé and Príncipe,-19.8,-23.6,-34.2,-16,-22,-23.1,-12.6,-10,-18.7,-28.3,-24.9,-31.6,-28.4,-23.6,-18.8,-26.2,-17.6,-14.7,-17.1,-15.7,-21,-22.5,-20.9,-15.9,-22.2,-20.9,-33.9,84.8,-17.6,-24.2,-23.6,-28.6,-23.9,-16.4,-25.2,-13.5,-6.4,-13.8,-12.9,-12.8,-11.2,-13.1,-14.5,-12.3,-2.2,-6.3,-4.7,-5.1,-4.5,-5.3,-5.6,-5.7,2024
Taiwan Province of China,no data,no data,no data,no data,11.4,14.5,20.8,17.2,8.1,7.5,6.6,6.7,3.8,3,2.5,2,3.7,2.2,1.1,2.5,2.5,5.7,7.9,8.9,5,4,6,7.9,6,10.4,8.3,7.8,8.7,9.7,11.3,13.6,13.1,14,11.6,10.7,14.4,15,13.2,14,14.1,17.4,18.1,18,17.1,16.9,15.9,15.4,2024
Tajikistan,no data,no data,no data,no data,no data,no data,no data,no data,no data,no data,no data,no data,-16.8,-30.5,-20.2,-17.9,-7.8,-4,-7.3,-0.9,-1.6,-4.9,-1.2,-0.3,-2.8,-12.8,-13.2,-32.2,-20.6,-14.4,-10.3,-6.3,-9,-10.4,-3.4,-6.1,-4.2,2.1,-4.9,-2.2,4.3,8.2,15.3,4.8,6.1,16.6,6.3,2.5,1.2,0.6,-0.4,-2,2024
Tanzania,-4.8,-3.1,-3.5,-2,-2.6,-3,-2,-5.2,-4.8,-5.2,-10.8,-12.3,-12.8,-17.3,-11.6,-9.2,-5.2,-4.7,-6.1,-6.6,-3.2,-2.5,-1.3,-1.1,-3.2,-5.3,-7.1,-8.4,-7.7,-7.4,-7.4,-10.4,-11.6,-10.7,-9.8,-7.7,-4.2,-2.8,-4.2,-2.3,-2.3,-3.5,-7.4,-3.8,-2.8,-2.4,-2.3,-2.1,-2,-2,-2,-2,2023
Thailand,-6.2,-7.1,-2.7,-6.9,-4.9,-3.8,0.6,-0.7,-2.6,-3.3,-8.2,-7.5,-5.5,-4.9,-5.5,-8,-8,-2,12.5,9.8,7.4,4.2,3.5,3.1,1.6,-4,1,5.9,0.3,7.9,3.4,2.5,-1.2,-2.1,2.9,6.9,10.5,9.6,5.6,7,4.1,-2.1,-3.4,1.6,2.2,3.1,0.7,1.4,1.9,2.3,2.5,2.7,2024
Timor-Leste,no data,no data,no data,no data,no data,no data,no data,no data,no data,no data,no data,no data,no data,no data,no data,no data,no data,no data,no data,no data,-4.1,-6.6,-9,-9,14.9,56.7,119.8,215.1,314.9,164.5,180.2,212.9,228.2,171.4,75.6,12.8,-33.2,-17.9,-12.3,22.2,22.5,54.8,15.2,-9.3,-32.4,-34,-32,-33.1,-33.9,-34.4,-35.1,-35.3,2024
Togo,-4.9,-2.7,-6.2,-3.3,2.1,-2.1,-3.1,-2.9,-3.7,-2.2,-3,-5.1,-4.8,-3.8,-3.3,-5.4,-6.3,-4.7,-5.9,-5.4,-7,-8.5,-6.1,-5.7,-6.8,-6.6,-5.6,-5.7,-4.9,-3.8,-3.6,-4.9,-4.7,-8.7,-6.6,-7.5,-7.2,-1.5,-2.6,-0.8,-0.3,-2.2,-3.3,-3.8,-2.4,-1,-3.2,-2.8,-2.6,-2.4,-2,-1.7,2023
Tokelau,no data,no data,no data,no data,no data,no data,no data,no data,no data,no data,no data,no data,no data,no data,no data,no data,no data,no data,no data,no data,no data,no data,no data,no data,no data,no data,no data,no data,no data,no data,no data,no data,no data,no data,no data,no data,no data,no data,no data,no data,no data,no data,no data,no data,no data,no data,no data,no data,no data,no data,no data,no data,2026
Tonga,-4.6,2.9,4.7,5.8,5.4,3.7,-1.4,6,-5.9,-1.3,-11.4,-8.7,-5.9,-5,-9.2,-8.7,-4.9,-0.7,-8.6,-0.5,-5,-11.7,-7.8,-2.6,-4.6,-9.5,-6.6,-12.5,-6.2,-18.1,-23.8,-20.2,-16.4,-9.6,-6.3,-10.9,-7.5,-7.1,-7,-3.7,-5.6,-6.3,-5,-5.1,-3.3,-5.3,-7.4,-7.5,-6.8,-6.2,-6,-5.9,2024
Trinidad and Tobago,5.6,5.8,-7.2,-12,-5.9,-0.6,-8.4,-4.6,-1.9,-0.9,8.9,-0.1,2.5,2.4,4.3,5.4,1.8,-10.5,-10.5,0.4,6.6,4.6,0.8,8.6,13.3,24,38.3,23.6,30.1,8.4,18.5,18.3,14.2,19.5,14.1,7.7,-3.3,5.9,6.8,4.3,-6.5,10.9,10.2,11.5,2.5,3.1,3.8,4.8,5.5,4.3,4.3,4.3,2024
Tunisia,-3.8,-8.9,-10.7,-8.1,-11.6,-6.4,-7.1,-0.9,0.9,-2.7,-4.8,-3.8,-5.7,-5.2,-1.6,-4.1,-2.4,-3.1,-3.2,-2.2,-4.7,-5.3,-3.9,-3.4,-3,-1.7,-2.5,-3.1,-4.4,-3.4,-5.3,-8,-8.7,-9.2,-9.3,-9.1,-9.7,-9.7,-10.8,-8.1,-6,-6,-9,-2.3,-1.6,-2.8,-4.2,-5.8,-5.8,-5.6,-5.5,-4.8,2025
Turkmenistan,no data,no data,no data,no data,no data,no data,no data,no data,no data,no data,no data,no data,0,0,0,0,0.1,-23.2,-35,-15.9,8.8,1.8,7.2,2.9,0.6,5.5,16.8,16.7,17.8,-20.8,-14.7,-1.2,-1.8,-10.8,-9.4,-21,-26.8,-16.4,7.4,3.4,-1.4,4.6,9.7,5.4,4.7,3.3,3.7,1.6,0.8,-0.1,-0.7,-1.3,2024
Turks and Caicos Islands,no data,no data,no data,no data,no data,no data,no data,no data,no data,no data,no data,no data,no data,no data,no data,no data,no data,no data,no data,no data,no data,no data,no data,no data,no data,no data,no data,no data,no data,no data,no data,no data,no data,no data,no data,no data,no data,no data,no data,no data,no data,no data,no data,no data,no data,no data,no data,no data,no data,no data,no data,no data,2026
Tuvalu,no data,no data,no data,no data,no data,no data,no data,no data,no data,no data,no data,no data,no data,no data,no data,no data,no data,no data,no data,no data,no data,53.6,23.3,-61.2,-18.3,-8,28,-16.2,-25.9,-69.5,-60.8,-84.7,-67,2.8,-0.5,-33.7,29.9,1.7,59.3,-16.5,16.2,29.8,-0.3,40,15.8,29.9,-1,-4.2,-5.2,-6.2,-7,-7.8,2023
"Türkiye, Republic of",-3.2,-1.9,-1.1,-2.3,-1.7,-1.1,-1.4,-0.7,1.3,0.7,-1.3,0.4,-0.4,-2.6,1.5,-1,-1,-1,0.7,-0.4,-3.6,1.9,-0.3,-2.4,-3.5,-4.1,-5.6,-5.4,-5,-1.7,-5.7,-8.8,-4.7,-5.1,-3.4,-2.5,-2.5,-4.1,-1.8,1.9,-4.2,-0.9,-5,-3.6,-1,-1.9,-2.8,-2.5,-2.2,-1.8,-1.4,-1.2,2025
Uganda,-1.1,0.2,-0.8,-0.8,1.4,0.1,-0.6,-1,-1.7,-2.8,-3.5,-4.4,-2.7,-4,-2.8,-3.8,-2.7,-3.8,-4.4,-3.7,-4.6,-3.7,-1.8,-0.4,0,0.4,-2.3,-3.2,-5.5,-4.3,-6.5,-7.6,-5.4,-5.4,-6.2,-5.5,-2.6,-4.8,-6.1,-6.9,-9.5,-8.4,-8.6,-7.5,-7.3,-6.2,-3.9,-2.7,-2.1,-1.1,-1.3,-1.4,2025
Ukraine,no data,no data,no data,no data,no data,no data,no data,no data,no data,no data,no data,no data,-2.9,-2.6,-3.2,-3.1,-2.7,-2.7,-3.1,5.3,4.6,3.6,7.2,5.6,10.3,2.8,-1.4,-3.5,-6.8,-1.4,-2.1,-6.1,-7.8,-8.7,-3.8,1.7,-1.5,-2.2,-3.3,-2.7,2.7,-2.4,4.5,-5.2,-8,-15,-18.9,-16.6,-9.7,-8.5,-8,-7.4,2024
United Arab Emirates,24.2,23.2,16.2,13.3,19,17.9,7.8,11.1,7.4,10,15.7,2.8,4.4,5.8,0.1,0.2,6,11.3,3.9,6.4,16.3,9.1,3.3,5.8,6.4,13.2,17.3,7.6,7.1,3.1,4,11.8,18.6,17.9,12.8,4.6,3.5,6.8,9.4,8.6,5.9,11.4,13,14.1,15.4,15.3,11.4,11.4,9.8,9.3,9.1,9,2024
United Kingdom,0.7,1.7,0.7,0.4,-0.3,-0.1,-0.7,-1.3,-3.3,-3.8,-2.8,-1.1,-1.3,-1,-0.2,-0.4,-0.3,-0.2,-0.3,-2.1,-1.9,-1.8,-2,-1.8,-2.3,-2,-3.1,-3.7,-3.8,-3.1,-2.8,-1.6,-3.1,-4.5,-4.8,-4.8,-5.2,-3.4,-3.7,-2.5,-2.7,-0.8,-1.9,-3.6,-3,-3.1,-3.4,-3.1,-2.9,-2.6,-2.2,-2.2,2024
United States,0.1,0.2,-0.2,-1.1,-2.3,-2.7,-3.2,-3.3,-2.3,-1.8,-1.3,0,-0.8,-1.2,-1.7,-1.5,-1.5,-1.6,-2.4,-3,-3.9,-3.7,-4.2,-4.6,-5.2,-5.7,-5.9,-5.1,-4.7,-2.6,-2.9,-2.9,-2.6,-2,-2.1,-2.2,-2.1,-1.9,-2.1,-2.1,-2.8,-3.6,-3.8,-3.3,-4,-3.6,-3.7,-3.6,-3.6,-3.6,-3.6,-3.6,2024
United States Virgin Islands ,no data,no data,no data,no data,no data,no data,no data,no data,no data,no data,no data,no data,no data,no data,no data,no data,no data,no data,no data,no data,no data,no data,no data,no data,no data,no data,no data,no data,no data,no data,no data,no data,no data,no data,no data,no data,no data,no data,no data,no data,no data,no data,no data,no data,no data,no data,no data,no data,no data,no data,no data,no data,2026
Uruguay,no data,no data,no data,no data,no data,no data,no data,no data,no data,no data,no data,no data,no data,no data,no data,no data,no data,no data,no data,no data,no data,no data,no data,no data,no data,no data,no data,no data,no data,no data,no data,no data,-3.6,-3.2,-2.9,-0.3,0.8,0,-0.5,1.3,-0.6,-2.4,-3.5,-3,-0.8,-0.5,-0.8,-0.9,-1.1,-1.3,-1.5,-1.7,2024
Uzbekistan,no data,no data,no data,no data,no data,no data,no data,no data,no data,no data,no data,no data,-4.8,-5.7,1.3,-0.1,-5.1,-2.9,-0.5,-0.7,2.9,1.1,2.1,4.6,5.1,5.8,7.3,5.8,8,3.8,4.1,4.1,1.6,1.6,2.3,0.9,0.2,2.1,-5.9,-4.8,-4.3,-6,-3,-7.3,-4.7,-3.9,-1.3,-3.4,-3.7,-4.1,-4.2,-4.5,2024
Vanuatu,0.9,11.2,9.3,7.2,13.7,1,4.3,8.6,1.5,6.9,2.5,-2.5,-2.3,-1.1,-3.1,-1.9,-1.1,0.3,2.2,-6.3,1.1,-1.2,-5.5,-7.3,-2.5,-8.3,-5.5,-6,-9.7,-7.4,-5.6,-7.3,-6.1,-3.1,0.3,-13.4,-7.5,-7.4,2.5,4.6,-9.7,-14.9,-12.4,-7.8,-20.2,-10.4,-8.5,-7.5,-6.1,-5.2,-5.1,-4.7,2024
Venezuela,7.4,5.7,-4.8,6,8.7,6.2,-3.3,-3,-9.2,5.5,17.5,3.6,-6.2,-3.3,4.5,2.8,12.7,4.4,-4.8,2.2,10.1,1.6,8,14.1,13.8,17.7,14.8,5.8,10.2,0.2,1.8,5.2,0.7,1.8,2.3,-12.8,-3.4,7.5,8.4,5.9,-3.2,-0.9,4,5.8,4.1,2.6,7.1,4.8,no data,no data,no data,no data,2018
Vietnam,-1.6,-4.2,-2.6,-1.9,-1.6,-5,-3.4,-2.6,-2.6,-7.3,-3.2,-1.4,-0.1,-8.3,-9,-10,-6.4,-4.5,-4,3.2,2.1,2.2,-1.4,-3.8,-2.5,-0.8,-0.2,-7.1,-8.6,-5.1,-3,0.1,4.7,3.6,3.7,-0.9,0.2,-0.6,1.9,3.8,4.3,-2.2,0.3,6.4,6.6,6.7,5.3,4.4,3.2,2.3,1.4,0.6,2024
Wallis and Futuna Islands,no data,no data,no data,no data,no data,no data,no data,no data,no data,no data,no data,no data,no data,no data,no data,no data,no data,no data,no data,no data,no data,no data,no data,no data,no data,no data,no data,no data,no data,no data,no data,no data,no data,no data,no data,no data,no data,no data,no data,no data,no data,no data,no data,no data,no data,no data,no data,no data,no data,no data,no data,no data,2026
West Bank and Gaza,no data,no data,no data,no data,no data,no data,no data,no data,no data,no data,no data,no data,no data,no data,-29.5,-31.7,-31,-31.4,-26.4,-34.8,-19.9,-20.7,-13.7,-27,-34.5,-26.6,-23.1,-7.2,5.2,-14.1,-13.5,-18.5,-14.9,-14.8,-13.6,-13.9,-13.9,-13.2,-13.2,-10.4,-12.3,-9.8,-10.6,-12.5,-18.1,no data,no data,no data,no data,no data,no data,no data,2024
Western Sahara,no data,no data,no data,no data,no data,no data,no data,no data,no data,no data,no data,no data,no data,no data,no data,no data,no data,no data,no data,no data,no data,no data,no data,no data,no data,no data,no data,no data,no data,no data,no data,no data,no data,no data,no data,no data,no data,no data,no data,no data,no data,no data,no data,no data,no data,no data,no data,no data,no data,no data,no data,no data,2026
Yemen,no data,no data,no data,no data,no data,no data,no data,no data,no data,no data,no data,no data,no data,no data,no data,no data,no data,no data,no data,no data,no data,no data,no data,no data,no data,no data,no data,no data,no data,no data,no data,no data,no data,no data,-2.1,-20.2,-25.7,-23.1,-33.1,-32.3,-40.3,-56.1,-40.6,-18.3,-10.7,-6.7,-8.1,-8,-8,-7.9,-7.9,-7.8,2024
Zambia,-13.9,-19.8,-17.5,-9,-11.1,-12.3,-14.6,-4.3,0.4,-3.5,-2.3,0.2,-3.3,-2.5,1.3,-3.8,-3.4,-4.2,-16.1,-11.3,-12.2,-17.4,-12.1,-10.3,-3,-2.8,4.6,-1.2,-3.3,6,7.5,4.7,4.9,-0.8,2.1,-2.7,-3.3,-1.7,-1.3,0.5,11.8,11.9,3.7,-3,-4.4,-3.5,0.9,1.9,2.1,2.2,2.2,1.4,2024
Zimbabwe,no data,no data,no data,no data,no data,no data,no data,no data,no data,no data,-1.7,-3.9,-7.3,-2.8,-2.7,-3,-1.2,-5.2,-0.9,1.4,1.9,2.2,1.6,-0.5,-0.9,-0.6,1.3,2.6,-1.4,-5.1,-9.6,-13.7,-9.4,-9.9,-8.3,-5.7,-2.4,-0.9,-2.6,2.3,1.7,0.7,0.6,0.3,1,4,3.7,3.5,3,2.6,2.1,1.5,2024
Africa,no data,no data,no data,no data,no data,no data,no data,no data,no data,no data,no data,no data,no data,no data,no data,no data,no data,no data,no data,no data,no data,no data,no data,no data,no data,no data,no data,no data,no data,no data,no data,no data,no data,no data,no data,no data,no data,no data,no data,no data,no data,no data,no data,no data,no data,no data,no data,no data,no data,no data,no data,no data,2026
Africa (Region),0.5,-4.5,-3.6,-2.3,-2.7,-0.6,-2.2,-1.1,-2.2,-2.1,-0.5,-0.7,-0.1,-0.8,-1.6,-2,-0.1,-0.8,-2.5,-1.5,1.9,0.7,0,0.6,2.5,5.3,5.7,4.2,3.2,-1.7,0.2,-0.3,-0.9,-2.2,-3.8,-5.7,-4.6,-3,-2.3,-3.1,-3.3,-1.5,-1.4,-1.7,-1.9,-2.1,-1.3,-1.9,-1.9,-1.8,-1.7,-1.5,2026
African Regional Economic Outlook,no data,no data,no data,no data,no data,no data,no data,no data,no data,no data,no data,no data,no data,no data,no data,no data,no data,no data,no data,no data,no data,no data,no data,no data,no data,no data,no data,no data,no data,no data,no data,no data,no data,no data,no data,no data,no data,no data,no data,no data,no data,no data,no data,no data,no data,no data,no data,no data,no data,no data,no data,no data,2026
Asia,no data,no data,no data,no data,no data,no data,no data,no data,no data,no data,no data,no data,no data,no data,no data,no data,no data,no data,no data,no data,no data,no data,no data,no data,no data,no data,no data,no data,no data,no data,no data,no data,no data,no data,no data,no data,no data,no data,no data,no data,no data,no data,no data,no data,no data,no data,no data,no data,no data,no data,no data,no data,2026
Asia and Pacific,no data,no data,no data,no data,no data,no data,no data,no data,no data,no data,no data,no data,no data,no data,no data,no data,no data,1,2.6,2.1,1.9,1.8,2.3,2.7,2.6,2.6,3.4,4.1,3.3,2.8,2.5,1.1,0.9,0.9,1.5,2.2,2,1.7,0.9,1.4,2.2,2.2,1.7,1.5,2.3,3.1,2.6,2.5,2.4,2.3,2.2,2.1,2026
Australia and New Zealand,-2.6,-4.1,-4.5,-3.3,-4.6,-5.1,-5.1,-3.5,-3.3,-5.6,-4.6,-3.2,-3.3,-3.1,-4.3,-4.8,-3.7,-3.2,-4.6,-5.4,-4,-2.1,-3.6,-4.9,-6.1,-6.1,-6,-6.8,-5.2,-4.3,-3.5,-3,-4.3,-3.4,-3.1,-4.5,-3.3,-2.9,-2.8,-0.5,1.2,1.2,-0.9,-1.2,-2.6,-2.8,-2.5,-2.4,-2.5,-2.4,-2.5,-2.5,2026
Caribbean,-0.3,-3.3,-7.4,-8.3,-5,-2.6,-3.8,-3.4,-2,-2.4,-0.9,-4.2,0.2,0.2,2.2,1.1,-0.4,-4.9,-5.7,-2.4,-1,-3.1,-4.9,-1.5,1.5,2.7,6.7,2.7,4.4,-1.2,2.4,0.4,-0.3,0.6,-1.7,-1.8,-3.8,-2.1,-3,-4.6,-7.4,-3.3,2.8,1.4,1.7,-0.4,0.6,-0.5,3.8,4.6,4.8,5.2,2026
Caribbean and Pacific Islands,no data,no data,no data,no data,no data,no data,no data,no data,no data,no data,no data,no data,no data,no data,no data,no data,no data,no data,no data,no data,no data,no data,no data,no data,no data,no data,no data,no data,no data,no data,no data,no data,no data,no data,no data,no data,no data,no data,no data,no data,no data,no data,no data,no data,no data,no data,no data,no data,no data,no data,no data,no data,2026
Central America,-6.9,-8.5,-5.9,-3.8,-4.1,-3.6,-2.8,-3.5,-1.9,-4.3,-3.4,-3,-6.2,-5.4,-4.3,-4,-3.2,-3.6,-4.4,-5.4,-5.7,-4.2,-4.3,-3.3,-3.5,-4.1,-4.3,-6.2,-8.7,-2.5,-5.4,-7.1,-6.4,-6,-5.9,-3.9,-2.6,-2.1,-3,-1,1,-1.8,-2.9,-1.1,-0.5,1,-0.3,-0.6,-0.9,-1.1,-1.3,-1.5,2026
Central Asia and the Caucasus,-3.2,-1.9,-1.1,-2.3,-1.7,-1.1,-1.4,-0.7,1.3,0.7,-1.3,0.4,-1.3,-2.9,0.7,-1.4,-2,-2,-0.9,-1,-2.8,0.8,-0.1,-2,-2.7,-2.8,-3.2,-2.8,-1.6,-0.2,-2.4,-3.2,-2,-2.7,-2,-3.2,-3.3,-3.4,-1,0.8,-4,-0.5,-1.5,-3.4,-1.6,-2.3,-1.9,-2.2,-2.2,-2,-1.8,-1.7,2026
East Asia,no data,no data,no data,no data,no data,no data,no data,no data,no data,no data,no data,no data,no data,no data,no data,no data,no data,1.8,3.2,2.6,2.4,2,2.7,3.2,3.8,4,5,6.3,5.4,4,3.9,2.1,2.1,1.9,2.3,3.4,3,2.8,1.6,1.9,2.6,3,2.7,2.3,3.3,4.7,4.3,4.1,3.9,3.8,3.8,3.7,2026
Eastern Europe ,-3.6,-3.5,-0.7,-0.3,0.6,-0.1,-1.1,0.1,1.2,-0.1,-0.1,-3.3,-2.1,-2.5,0.6,0,-0.9,-2.5,-3,-0.2,3.1,1.6,0.7,0.1,0.8,2,0.8,-1.9,-1.4,-0.2,0.1,0.6,0.3,0,0.9,2.1,0.8,0.7,2.4,1.2,1.3,1.6,3,0.4,0.2,-1,-0.8,-1,-0.8,-0.8,-0.8,-0.8,2026
Europe,-1.7,-1.1,-0.7,0,0.5,0.5,0.9,0.5,0.2,-0.1,-0.4,-1,-0.8,0.2,0.4,0.6,0.9,1.1,0.6,0.5,0.3,0.5,0.7,0.7,1.3,1.1,0.9,0.1,-0.4,0.5,1,1.2,1.7,2,2.1,2.3,2.3,2.4,2.7,2.2,1.6,3.3,2.3,2,2.6,1.7,1.5,1.6,1.7,1.8,1.9,1.8,2026
Middle East (Region),14.6,14.9,6.5,-1.5,-0.5,0.3,-1.7,-0.7,-0.4,0.7,0.6,-10,-7.4,-5.4,-2.2,-1.2,1.1,0.8,-3.5,1.2,5.7,3.4,3,5.2,7.8,14.5,15.8,12.1,13.6,3.5,7.9,15,15.4,13.7,9.1,-1.6,-1.9,1.5,6,3.3,-1.7,5.8,10.9,6.2,4.6,3.1,2.7,2.5,2,1.9,1.9,1.8,2026
Middle East and Central Asia,no data,no data,no data,no data,no data,no data,no data,no data,no data,no data,no data,no data,no data,no data,no data,no data,no data,no data,no data,no data,no data,no data,no data,no data,no data,no data,no data,no data,no data,no data,no data,no data,no data,no data,no data,no data,no data,no data,no data,no data,no data,no data,no data,no data,no data,no data,no data,no data,no data,no data,no data,no data,2026
North Africa,4.9,-5.3,-4.2,-3.3,-4.4,-0.7,-3.3,-1.7,-2.6,-2.4,-0.2,1.7,2.6,0.2,-1.6,-2.1,-0.4,0.5,-2.5,-1.1,3.7,3.1,1.4,2.9,7,12,14.6,12.9,11.2,-0.2,2.5,0.7,1.6,-2.3,-5.4,-7.4,-8.1,-6,-3.2,-4.1,-5.1,-3,0.4,0.1,-3.1,-4.8,-2.6,-3.4,-3.3,-3.1,-2.8,-2.5,2026
North America,-0.5,-0.7,-0.1,-0.7,-1.8,-2.4,-3.1,-3,-2.3,-2,-1.6,-0.6,-1.4,-1.8,-2.1,-1.4,-1.4,-1.6,-2.3,-2.7,-3.4,-3.3,-3.6,-3.9,-4.4,-4.8,-5,-4.3,-4.1,-2.5,-2.8,-2.8,-2.6,-2.1,-2.1,-2.3,-2.2,-1.9,-2.1,-2,-2.5,-3.2,-3.4,-3,-3.6,-3.3,-3.3,-3.2,-3.2,-3.2,-3.1,-3.1,2026
Pacific Islands ,-4.7,-10.2,-7.2,-8.4,-6.6,-4.6,-2,-2.8,-3.9,-5.1,-3.7,-3.8,-1.1,3.7,3.9,7.3,1.4,-4.9,-3.6,-2.2,1.4,1,0,-0.6,-3,2.3,-5.2,-2.2,-0.4,-9,-9,-8.4,-15.3,-19.1,7.9,6.9,8.5,9.8,8.4,8.5,8.8,7.6,8,5.2,9.5,9.2,7.7,6.2,6.3,6,6,6,2026
South America,-2.5,-4.1,-6.7,-2.2,-0.6,-0.2,-2.5,-2,-0.9,0.4,1,0,-0.8,-2,-1.7,-2.4,-2.2,-3.4,-4.3,-2.9,-1.8,-2.5,0.3,1.9,2.3,2.7,2.8,1,-0.5,-0.8,-2.5,-2.3,-2.8,-3,-3.6,-3.8,-2.1,-1.8,-2.9,-2.7,-1.2,-2.3,-2.6,-1.4,-1.3,-1.7,-1.3,-1.4,-1.3,-1.3,-1.5,-1.5,2026
South Asia,-1.9,-1.9,-1.9,-1.7,-1.5,-2.2,-1.9,-1.9,-2.6,-2.3,-2.9,-1.1,-1.7,-1.3,-1.4,-1.8,-1.9,-1.7,-1.1,-1.2,-0.6,0.4,1.3,2.2,-0.1,-1.2,-1.3,-1.5,-2.9,-2.7,-2.4,-3.7,-4.1,-1.5,-1.2,-0.9,-0.6,-2,-2.7,-1.4,0.3,-1.3,-2.6,-1,-0.6,-0.6,-1.7,-1.5,-1.4,-1.5,-1.7,-1.9,2026
Southeast Asia,-1.5,-4,-5.8,-6.4,-2.9,-0.8,-0.9,0,0.3,-0.3,-2.3,-2.4,-1,-2,-1.2,-2.5,-2.2,-0.3,8.9,7.3,5.8,5.2,4.8,6.4,5.4,5,7.7,7.6,4,6.1,5.3,5,2.4,1.7,2.9,3.1,3.2,3.2,1.8,2.6,3.8,2,2.2,2.9,3.1,3.4,2.4,2.5,2.4,2.3,2.1,2,2026
Sub-Saharan Africa (Region) ,-1.4,-4.2,-3.4,-1.9,-1.8,-0.5,-1.5,-0.6,-2,-1.8,-0.6,-1.7,-1.3,-1.2,-1.6,-1.9,0,-1.3,-2.4,-1.8,1,-0.6,-0.6,-0.5,0.8,2.8,2.3,0.8,-0.1,-2.3,-0.7,-0.7,-1.9,-2.2,-3.2,-5,-3.2,-2,-2,-2.7,-2.6,-0.9,-2.1,-2.4,-1.3,-1,-0.7,-1.3,-1.4,-1.2,-1.2,-1.1,2026
Western Europe,-1.6,-1,-0.7,0,0.5,0.6,1,0.5,0.2,-0.1,-0.4,-1,-0.8,0.4,0.4,0.7,1.1,1.5,0.9,0.6,0,0.4,0.7,0.8,1.3,1,0.9,0.4,-0.2,0.6,1.2,1.4,2,2.4,2.3,2.3,2.5,2.7,2.7,2.5,1.7,3.6,2.1,2.4,3.2,2.4,2.1,2.2,2.3,2.4,2.5,2.4,2026
Western Hemisphere,no data,no data,no data,no data,no data,no data,no data,no data,no data,no data,no data,no data,no data,no data,no data,no data,no data,no data,no data,no data,no data,no data,no data,no data,no data,no data,no data,no data,no data,no data,no data,no data,no data,no data,no data,no data,no data,no data,no data,no data,no data,no data,no data,no data,no data,no data,no data,no data,no data,no data,no data,no data,2026
Western Hemisphere (Region),-0.8,-1.2,-0.9,-0.9,-1.8,-2.2,-3,-2.9,-2.2,-1.8,-1.3,-0.5,-1.4,-1.8,-2.1,-1.5,-1.5,-1.9,-2.6,-2.8,-3.3,-3.2,-3.4,-3.5,-3.8,-4.1,-4.1,-3.6,-3.6,-2.3,-2.7,-2.7,-2.7,-2.3,-2.4,-2.6,-2.2,-1.9,-2.3,-2,-2.3,-3.1,-3.3,-2.8,-3.3,-3,-3,-3,-2.9,-2.9,-2.9,-2.9,2026
ASEAN-5,-1.4,-4,-6.1,-7.1,-3.2,-1.8,-1.3,-0.3,-0.1,-0.7,-3,-3,-1.5,-2,-1.2,-2.4,-2.2,-0.2,10.3,7.7,5.8,5.4,5.2,7.1,5.9,5.2,8,8.6,4.8,7.2,5.8,5.4,2.1,1.5,2.9,3.9,4,4,2.1,2.7,4,3,2.8,2.5,2.6,3,2.2,2.4,2.5,2.5,2.4,2.4,2026
"Adv econ excl US, Euro, Japan",no data,no data,no data,no data,no data,no data,no data,no data,no data,no data,no data,no data,no data,no data,no data,no data,no data,no data,no data,no data,no data,no data,no data,no data,no data,no data,no data,no data,no data,no data,no data,no data,no data,no data,no data,no data,no data,no data,no data,no data,no data,no data,no data,no data,no data,no data,no data,no data,no data,no data,no data,no data,2026
Advanced Economies,no data,no data,no data,no data,no data,no data,no data,no data,no data,no data,no data,no data,no data,no data,no data,no data,no data,no data,no data,no data,no data,no data,no data,no data,no data,no data,no data,no data,no data,no data,no data,no data,no data,no data,no data,no data,no data,no data,no data,no data,no data,no data,no data,no data,no data,no data,no data,no data,no data,no data,no data,no data,2026
Advanced G-20,no data,no data,no data,no data,no data,no data,no data,no data,no data,no data,no data,no data,no data,no data,no data,no data,no data,no data,no data,no data,no data,no data,no data,no data,no data,no data,no data,no data,no data,no data,no data,no data,no data,no data,no data,no data,no data,no data,no data,no data,no data,no data,no data,no data,no data,no data,no data,no data,no data,no data,no data,no data,2026
Advanced economies,-1.1,-0.7,-0.5,-0.4,-0.5,-0.6,-0.2,-0.3,-0.2,-0.4,-0.5,-0.1,-0.1,0.3,0.1,0.1,0.1,0.2,0.1,-0.4,-0.9,-0.9,-0.8,-0.8,-0.6,-1.1,-1.2,-1,-1.4,-0.2,0,-0.1,0,0.5,0.5,0.6,0.8,1,0.8,0.7,0.3,0.7,-0.5,0,0.1,0.1,-0.1,-0.1,0,0,0.1,0.1,2026
Africa (Analytical),no data,no data,no data,no data,no data,no data,no data,no data,no data,no data,no data,no data,no data,no data,no data,no data,no data,no data,no data,no data,no data,no data,no data,no data,no data,no data,no data,no data,no data,no data,no data,no data,no data,no data,no data,no data,no data,no data,no data,no data,no data,no data,no data,no data,no data,no data,no data,no data,no data,no data,no data,no data,2026
African Group,no data,no data,no data,no data,no data,no data,no data,no data,no data,no data,no data,no data,no data,no data,no data,no data,no data,no data,no data,no data,no data,no data,no data,no data,no data,no data,no data,no data,no data,no data,no data,no data,no data,no data,no data,no data,no data,no data,no data,no data,no data,no data,no data,no data,no data,no data,no data,no data,no data,no data,no data,no data,2026
All countries - Fiscal Rules & Fiscal Councils,no data,no data,no data,no data,no data,no data,no data,no data,no data,no data,no data,no data,no data,no data,no data,no data,no data,no data,no data,no data,no data,no data,no data,no data,no data,no data,no data,no data,no data,no data,no data,no data,no data,no data,no data,no data,no data,no data,no data,no data,no data,no data,no data,no data,no data,no data,no data,no data,no data,no data,no data,no data,2026
All countries - Global Debt,no data,no data,no data,no data,no data,no data,no data,no data,no data,no data,no data,no data,no data,no data,no data,no data,no data,no data,no data,no data,no data,no data,no data,no data,no data,no data,no data,no data,no data,no data,no data,no data,no data,no data,no data,no data,no data,no data,no data,no data,no data,no data,no data,no data,no data,no data,no data,no data,no data,no data,no data,no data,2026
Asia & Pacific Group,no data,no data,no data,no data,no data,no data,no data,no data,no data,no data,no data,no data,no data,no data,no data,no data,no data,no data,no data,no data,no data,no data,no data,no data,no data,no data,no data,no data,no data,no data,no data,no data,no data,no data,no data,no data,no data,no data,no data,no data,no data,no data,no data,no data,no data,no data,no data,no data,no data,no data,no data,no data,2026
CEMAC,no data,no data,no data,no data,no data,no data,no data,no data,no data,no data,no data,no data,no data,no data,no data,no data,no data,no data,no data,no data,no data,no data,no data,no data,no data,no data,no data,no data,no data,no data,no data,no data,no data,no data,no data,no data,no data,no data,no data,no data,no data,no data,no data,no data,no data,no data,no data,no data,no data,no data,no data,no data,2026
CFA Franc Zone ,no data,no data,no data,no data,no data,no data,no data,no data,no data,no data,no data,no data,no data,no data,no data,no data,no data,no data,no data,no data,no data,no data,no data,no data,no data,no data,no data,no data,no data,no data,no data,no data,no data,no data,no data,no data,no data,no data,no data,no data,no data,no data,no data,no data,no data,no data,no data,no data,no data,no data,no data,no data,2026
COMESA (SSA members),no data,no data,no data,no data,no data,no data,no data,no data,no data,no data,no data,no data,no data,no data,no data,no data,no data,no data,no data,no data,no data,no data,no data,no data,no data,no data,no data,no data,no data,no data,no data,no data,no data,no data,no data,no data,no data,no data,no data,no data,no data,no data,no data,no data,no data,no data,no data,no data,no data,no data,no data,no data,2026
Catergory I,no data,no data,no data,no data,no data,no data,no data,no data,no data,no data,no data,no data,no data,no data,no data,no data,no data,no data,no data,no data,no data,no data,no data,no data,no data,no data,no data,no data,no data,no data,no data,no data,no data,no data,no data,no data,no data,no data,no data,no data,no data,no data,no data,no data,no data,no data,no data,no data,no data,no data,no data,no data,2026
Catergory II,no data,no data,no data,no data,no data,no data,no data,no data,no data,no data,no data,no data,no data,no data,no data,no data,no data,no data,no data,no data,no data,no data,no data,no data,no data,no data,no data,no data,no data,no data,no data,no data,no data,no data,no data,no data,no data,no data,no data,no data,no data,no data,no data,no data,no data,no data,no data,no data,no data,no data,no data,no data,2026
Catergory III,no data,no data,no data,no data,no data,no data,no data,no data,no data,no data,no data,no data,no data,no data,no data,no data,no data,no data,no data,no data,no data,no data,no data,no data,no data,no data,no data,no data,no data,no data,no data,no data,no data,no data,no data,no data,no data,no data,no data,no data,no data,no data,no data,no data,no data,no data,no data,no data,no data,no data,no data,no data,2026
Catergory IV,no data,no data,no data,no data,no data,no data,no data,no data,no data,no data,no data,no data,no data,no data,no data,no data,no data,no data,no data,no data,no data,no data,no data,no data,no data,no data,no data,no data,no data,no data,no data,no data,no data,no data,no data,no data,no data,no data,no data,no data,no data,no data,no data,no data,no data,no data,no data,no data,no data,no data,no data,no data,2026
Catergory V,no data,no data,no data,no data,no data,no data,no data,no data,no data,no data,no data,no data,no data,no data,no data,no data,no data,no data,no data,no data,no data,no data,no data,no data,no data,no data,no data,no data,no data,no data,no data,no data,no data,no data,no data,no data,no data,no data,no data,no data,no data,no data,no data,no data,no data,no data,no data,no data,no data,no data,no data,no data,2026
Catergory VI,no data,no data,no data,no data,no data,no data,no data,no data,no data,no data,no data,no data,no data,no data,no data,no data,no data,no data,no data,no data,no data,no data,no data,no data,no data,no data,no data,no data,no data,no data,no data,no data,no data,no data,no data,no data,no data,no data,no data,no data,no data,no data,no data,no data,no data,no data,no data,no data,no data,no data,no data,no data,2026
Central and Eastern Europe,no data,no data,no data,no data,no data,no data,no data,no data,no data,no data,no data,no data,no data,no data,no data,no data,no data,no data,no data,no data,no data,no data,no data,no data,no data,no data,no data,no data,no data,no data,no data,no data,no data,no data,no data,no data,no data,no data,no data,no data,no data,no data,no data,no data,no data,no data,no data,no data,no data,no data,no data,no data,2026
Coastal  ,no data,no data,no data,no data,no data,no data,no data,no data,no data,no data,no data,no data,no data,no data,no data,no data,no data,no data,no data,no data,no data,no data,no data,no data,no data,no data,no data,no data,no data,no data,no data,no data,no data,no data,no data,no data,no data,no data,no data,no data,no data,no data,no data,no data,no data,no data,no data,no data,no data,no data,no data,no data,2026
Commonwealth of Independent States,no data,no data,no data,no data,no data,no data,no data,no data,no data,no data,no data,no data,no data,no data,no data,no data,no data,no data,no data,no data,no data,no data,no data,no data,no data,no data,no data,no data,no data,no data,no data,no data,no data,no data,no data,no data,no data,no data,no data,no data,no data,no data,no data,no data,no data,no data,no data,no data,no data,no data,no data,no data,2026
Commonwealth of Independent States and Mongolia,no data,no data,no data,no data,no data,no data,no data,no data,no data,no data,no data,no data,no data,no data,no data,no data,no data,no data,no data,no data,no data,no data,no data,no data,no data,no data,no data,no data,no data,no data,no data,no data,no data,no data,no data,no data,no data,no data,no data,no data,no data,no data,no data,no data,no data,no data,no data,no data,no data,no data,no data,no data,2026
Countries eligible for PRGF,no data,no data,no data,no data,no data,no data,no data,no data,no data,no data,no data,no data,no data,no data,no data,no data,no data,no data,no data,no data,no data,no data,no data,no data,no data,no data,no data,no data,no data,no data,no data,no data,no data,no data,no data,no data,no data,no data,no data,no data,no data,no data,no data,no data,no data,no data,no data,no data,no data,no data,no data,no data,2026
Countries in fragile and conflict-affected situations,no data,no data,no data,no data,no data,no data,no data,no data,no data,no data,no data,no data,no data,no data,no data,no data,no data,no data,no data,no data,no data,no data,no data,no data,no data,no data,no data,no data,no data,no data,no data,no data,no data,no data,no data,no data,no data,no data,no data,no data,no data,no data,no data,no data,no data,no data,no data,no data,no data,no data,no data,no data,2026
Countries with conventional exchange rate pegs,no data,no data,no data,no data,no data,no data,no data,no data,no data,no data,no data,no data,no data,no data,no data,no data,no data,no data,no data,no data,no data,no data,no data,no data,no data,no data,no data,no data,no data,no data,no data,no data,no data,no data,no data,no data,no data,no data,no data,no data,no data,no data,no data,no data,no data,no data,no data,no data,no data,no data,no data,no data,2026
Countries without conventional exchange rate pegs,no data,no data,no data,no data,no data,no data,no data,no data,no data,no data,no data,no data,no data,no data,no data,no data,no data,no data,no data,no data,no data,no data,no data,no data,no data,no data,no data,no data,no data,no data,no data,no data,no data,no data,no data,no data,no data,no data,no data,no data,no data,no data,no data,no data,no data,no data,no data,no data,no data,no data,no data,no data,2026
EM and dev econ incl sel adv econ,no data,no data,no data,no data,no data,no data,no data,no data,no data,no data,no data,no data,no data,no data,no data,no data,no data,no data,no data,no data,no data,no data,no data,no data,no data,no data,no data,no data,no data,no data,no data,no data,no data,no data,no data,no data,no data,no data,no data,no data,no data,no data,no data,no data,no data,no data,no data,no data,no data,no data,no data,no data,2026
East African Community ,no data,no data,no data,no data,no data,no data,no data,no data,no data,no data,no data,no data,no data,no data,no data,no data,no data,no data,no data,no data,no data,no data,no data,no data,no data,no data,no data,no data,no data,no data,no data,no data,no data,no data,no data,no data,no data,no data,no data,no data,no data,no data,no data,no data,no data,no data,no data,no data,no data,no data,no data,no data,2026
Eastern Caribbean Currency Union,no data,no data,no data,no data,no data,no data,no data,no data,no data,no data,no data,no data,no data,no data,no data,no data,no data,no data,no data,no data,no data,no data,no data,no data,no data,no data,no data,no data,no data,no data,no data,no data,no data,no data,no data,no data,no data,no data,no data,no data,no data,no data,no data,no data,no data,no data,no data,no data,no data,no data,no data,no data,2026
Economic Community of West African States,no data,no data,no data,no data,no data,no data,no data,no data,no data,no data,no data,no data,no data,no data,no data,no data,no data,no data,no data,no data,no data,no data,no data,no data,no data,no data,no data,no data,no data,no data,no data,no data,no data,no data,no data,no data,no data,no data,no data,no data,no data,no data,no data,no data,no data,no data,no data,no data,no data,no data,no data,no data,2026
Emerging Asia,no data,no data,no data,no data,no data,no data,no data,no data,no data,no data,no data,no data,no data,no data,no data,no data,no data,no data,no data,no data,no data,no data,no data,no data,no data,no data,no data,no data,no data,no data,no data,no data,no data,no data,no data,no data,no data,no data,no data,no data,no data,no data,no data,no data,no data,no data,no data,no data,no data,no data,no data,no data,2026
Emerging Asia excl Japan incl NIEs,no data,no data,no data,no data,no data,no data,no data,no data,no data,no data,no data,no data,no data,no data,no data,no data,no data,no data,no data,no data,no data,no data,no data,no data,no data,no data,no data,no data,no data,no data,no data,no data,no data,no data,no data,no data,no data,no data,no data,no data,no data,no data,no data,no data,no data,no data,no data,no data,no data,no data,no data,no data,2026
Emerging G-20,no data,no data,no data,no data,no data,no data,no data,no data,no data,no data,no data,no data,no data,no data,no data,no data,no data,no data,no data,no data,no data,no data,no data,no data,no data,no data,no data,no data,no data,no data,no data,no data,no data,no data,no data,no data,no data,no data,no data,no data,no data,no data,no data,no data,no data,no data,no data,no data,no data,no data,no data,no data,2026
Emerging Market,no data,no data,no data,no data,no data,no data,no data,no data,no data,no data,no data,no data,no data,no data,no data,no data,no data,no data,no data,no data,no data,no data,no data,no data,no data,no data,no data,no data,no data,no data,no data,no data,no data,no data,no data,no data,no data,no data,no data,no data,no data,no data,no data,no data,no data,no data,no data,no data,no data,no data,no data,no data,2026
Emerging Market and Developing Economies,no data,no data,no data,no data,no data,no data,no data,no data,no data,no data,no data,no data,no data,no data,no data,no data,no data,no data,no data,no data,no data,no data,no data,no data,no data,no data,no data,no data,no data,no data,no data,no data,no data,no data,no data,no data,no data,no data,no data,no data,no data,no data,no data,no data,no data,no data,no data,no data,no data,no data,no data,no data,2026
Emerging Market and Middle-Income Economies,no data,no data,no data,no data,no data,no data,no data,no data,no data,no data,no data,no data,no data,no data,no data,no data,no data,no data,no data,no data,no data,no data,no data,no data,no data,no data,no data,no data,no data,no data,no data,no data,no data,no data,no data,no data,no data,no data,no data,no data,no data,no data,no data,no data,no data,no data,no data,no data,no data,no data,no data,no data,2026
Emerging Markets,no data,no data,no data,no data,no data,no data,no data,no data,no data,no data,no data,no data,no data,no data,no data,no data,no data,no data,no data,no data,no data,no data,no data,no data,no data,no data,no data,no data,no data,no data,no data,no data,no data,no data,no data,no data,no data,no data,no data,no data,no data,no data,no data,no data,no data,no data,no data,no data,no data,no data,no data,no data,2026
Emerging and Developing Asia,no data,no data,no data,no data,no data,no data,no data,no data,no data,no data,no data,no data,no data,no data,no data,no data,no data,0.6,2.7,2.1,1.8,1.6,2.3,2.7,2.5,3.4,5.5,6.3,5.6,3.3,2.4,0.8,0.9,0.7,1.5,1.8,1.3,0.9,-0.3,0.5,1.5,1.2,1.3,1,1.6,2.7,2.2,2,1.8,1.7,1.6,1.5,2026
Emerging and Developing Countries ,no data,no data,no data,no data,no data,no data,no data,no data,no data,no data,no data,no data,no data,no data,no data,no data,no data,no data,no data,no data,no data,no data,no data,no data,no data,no data,no data,no data,no data,no data,no data,no data,no data,no data,no data,no data,no data,no data,no data,no data,no data,no data,no data,no data,no data,no data,no data,no data,no data,no data,no data,no data,2026
Emerging and Developing Europe,-4.5,-3.5,-1,-1.1,-0.4,-0.5,-1,0.1,1.7,0.5,-0.3,-1.1,-1.7,-2.6,0.6,0.1,-0.2,-1.7,-1.6,0.6,2.3,2.8,1.5,0.7,0.9,1.7,0.6,-1.6,-1.2,-0.2,-0.8,-0.9,-0.6,-1.2,-0.2,1.1,-0.3,-0.6,1.8,1.4,0,1.6,2.7,-0.4,-0.1,-1.2,-1.2,-1.3,-1.1,-1.1,-1,-1,2026
Emerging and Middle-Income Asia,no data,no data,no data,no data,no data,no data,no data,no data,no data,no data,no data,no data,no data,no data,no data,no data,no data,no data,no data,no data,no data,no data,no data,no data,no data,no data,no data,no data,no data,no data,no data,no data,no data,no data,no data,no data,no data,no data,no data,no data,no data,no data,no data,no data,no data,no data,no data,no data,no data,no data,no data,no data,2026
Emerging and Middle-Income Europe,no data,no data,no data,no data,no data,no data,no data,no data,no data,no data,no data,no data,no data,no data,no data,no data,no data,no data,no data,no data,no data,no data,no data,no data,no data,no data,no data,no data,no data,no data,no data,no data,no data,no data,no data,no data,no data,no data,no data,no data,no data,no data,no data,no data,no data,no data,no data,no data,no data,no data,no data,no data,2026
Emerging and Middle-Income Latin America,no data,no data,no data,no data,no data,no data,no data,no data,no data,no data,no data,no data,no data,no data,no data,no data,no data,no data,no data,no data,no data,no data,no data,no data,no data,no data,no data,no data,no data,no data,no data,no data,no data,no data,no data,no data,no data,no data,no data,no data,no data,no data,no data,no data,no data,no data,no data,no data,no data,no data,no data,no data,2026
Emerging and Middle-Income Middle East and North Africa and Pakistan,no data,no data,no data,no data,no data,no data,no data,no data,no data,no data,no data,no data,no data,no data,no data,no data,no data,no data,no data,no data,no data,no data,no data,no data,no data,no data,no data,no data,no data,no data,no data,no data,no data,no data,no data,no data,no data,no data,no data,no data,no data,no data,no data,no data,no data,no data,no data,no data,no data,no data,no data,no data,2026
Emerging market and developing economies,0.5,-0.8,-1.9,-1.7,-0.9,-0.5,-1.9,no data,no data,no data,no data,no data,no data,no data,no data,no data,no data,-1.1,-1.5,-0.1,1.2,0.7,1.2,1.9,2.4,3.9,4.7,3.8,3.5,1.4,1.3,1.3,1.2,0.6,0.5,-0.3,-0.4,-0.1,-0.1,0,0.4,0.9,1.6,0.6,0.9,1.2,1,0.8,0.7,0.7,0.6,0.5,2026
Emerging market economies,no data,no data,no data,no data,no data,no data,no data,no data,no data,no data,no data,no data,no data,no data,no data,no data,no data,no data,no data,no data,no data,no data,no data,no data,no data,no data,no data,no data,no data,no data,no data,no data,no data,no data,no data,no data,no data,no data,no data,no data,no data,no data,no data,no data,no data,no data,no data,no data,no data,no data,no data,no data,2026
Euro Area,no data,no data,no data,no data,no data,no data,no data,no data,no data,no data,no data,no data,no data,no data,no data,no data,no data,no data,no data,no data,no data,no data,no data,no data,no data,no data,no data,no data,no data,no data,no data,no data,no data,no data,no data,no data,no data,no data,no data,no data,no data,no data,no data,no data,no data,no data,no data,no data,no data,no data,no data,no data,2026
Euro area,no data,no data,no data,no data,no data,no data,no data,no data,no data,no data,no data,no data,no data,no data,no data,no data,no data,0.8,0.3,-0.5,-1.4,-0.4,0.6,0.2,0.7,0.1,-0.2,0,-1.8,-0.3,-0.3,-0.3,1,1.9,2.3,2.9,3.3,3.3,2.9,2.4,1.8,2.7,-0.2,1.7,2.7,1.6,1.3,1.5,1.7,1.8,1.9,1.9,2026
Europe,no data,no data,no data,no data,no data,no data,no data,no data,no data,no data,no data,no data,no data,no data,no data,no data,no data,no data,no data,no data,no data,no data,no data,no data,no data,no data,no data,no data,no data,no data,no data,no data,no data,no data,no data,no data,no data,no data,no data,no data,no data,no data,no data,no data,no data,no data,no data,no data,no data,no data,no data,no data,2026
European Group,no data,no data,no data,no data,no data,no data,no data,no data,no data,no data,no data,no data,no data,no data,no data,no data,no data,no data,no data,no data,no data,no data,no data,no data,no data,no data,no data,no data,no data,no data,no data,no data,no data,no data,no data,no data,no data,no data,no data,no data,no data,no data,no data,no data,no data,no data,no data,no data,no data,no data,no data,no data,2026
European Union,-2.2,-1.9,-1.2,-0.2,0.3,0.4,1.3,0.8,0.9,0.6,0,-1.3,-1,0.1,0.1,0.5,0.8,1.2,0.7,0.4,-0.6,0,0.5,0.4,1,0.4,0.4,-0.1,-0.8,0.4,0.6,0.8,1.8,2.7,2.9,3.1,3.5,3.3,3.2,2.9,2.4,3.3,0.7,2.6,3.2,2.4,2,2.1,2.2,2.3,2.4,2.4,2026
Export earnings: fuel,no data,no data,no data,no data,no data,no data,no data,no data,no data,no data,no data,no data,no data,no data,no data,no data,no data,no data,no data,no data,no data,no data,no data,no data,no data,no data,no data,no data,no data,no data,no data,no data,no data,no data,no data,no data,no data,no data,no data,no data,no data,no data,no data,no data,no data,no data,no data,no data,no data,no data,no data,no data,2026
Export earnings: nonfuel,no data,no data,no data,no data,no data,no data,no data,no data,no data,no data,no data,no data,no data,no data,no data,no data,no data,no data,no data,no data,no data,no data,no data,no data,no data,no data,no data,no data,no data,no data,no data,no data,no data,no data,no data,no data,no data,no data,no data,no data,no data,no data,no data,no data,no data,no data,no data,no data,no data,no data,no data,no data,2026
Frontier LIDCs (median),no data,no data,no data,no data,no data,no data,no data,no data,no data,no data,no data,no data,no data,no data,no data,no data,no data,no data,no data,no data,no data,no data,no data,no data,no data,no data,no data,no data,no data,no data,no data,no data,no data,no data,no data,no data,no data,no data,no data,no data,no data,no data,no data,no data,no data,no data,no data,no data,no data,no data,no data,no data,2026
G-20,no data,no data,no data,no data,no data,no data,no data,no data,no data,no data,no data,no data,no data,no data,no data,no data,no data,no data,no data,no data,no data,no data,no data,no data,no data,no data,no data,no data,no data,no data,no data,no data,no data,no data,no data,no data,no data,no data,no data,no data,no data,no data,no data,no data,no data,no data,no data,no data,no data,no data,no data,no data,2026
G-20 Advanced,no data,no data,no data,no data,no data,no data,no data,no data,no data,no data,no data,no data,no data,no data,no data,no data,no data,no data,no data,no data,no data,no data,no data,no data,no data,no data,no data,no data,no data,no data,no data,no data,no data,no data,no data,no data,no data,no data,no data,no data,no data,no data,no data,no data,no data,no data,no data,no data,no data,no data,no data,no data,2026
G-20 Emerging,no data,no data,no data,no data,no data,no data,no data,no data,no data,no data,no data,no data,no data,no data,no data,no data,no data,no data,no data,no data,no data,no data,no data,no data,no data,no data,no data,no data,no data,no data,no data,no data,no data,no data,no data,no data,no data,no data,no data,no data,no data,no data,no data,no data,no data,no data,no data,no data,no data,no data,no data,no data,2026
G-7,no data,no data,no data,no data,no data,no data,no data,no data,no data,no data,no data,no data,no data,no data,no data,no data,no data,no data,no data,no data,no data,no data,no data,no data,no data,no data,no data,no data,no data,no data,no data,no data,no data,no data,no data,no data,no data,no data,no data,no data,no data,no data,no data,no data,no data,no data,no data,no data,no data,no data,no data,no data,2026
High Income Countries (median),no data,no data,no data,no data,no data,no data,no data,no data,no data,no data,no data,no data,no data,no data,no data,no data,no data,no data,no data,no data,no data,no data,no data,no data,no data,no data,no data,no data,no data,no data,no data,no data,no data,no data,no data,no data,no data,no data,no data,no data,no data,no data,no data,no data,no data,no data,no data,no data,no data,no data,no data,no data,2026
Identified as gender budgeting country in IMF regional survey,no data,no data,no data,no data,no data,no data,no data,no data,no data,no data,no data,no data,no data,no data,no data,no data,no data,no data,no data,no data,no data,no data,no data,no data,no data,no data,no data,no data,no data,no data,no data,no data,no data,no data,no data,no data,no data,no data,no data,no data,no data,no data,no data,no data,no data,no data,no data,no data,no data,no data,no data,no data,2026
International Organizations,no data,no data,no data,no data,no data,no data,no data,no data,no data,no data,no data,no data,no data,no data,no data,no data,no data,no data,no data,no data,no data,no data,no data,no data,no data,no data,no data,no data,no data,no data,no data,no data,no data,no data,no data,no data,no data,no data,no data,no data,no data,no data,no data,no data,no data,no data,no data,no data,no data,no data,no data,no data,2026
LICs excluding low income countries in fragile and conflict-affected situations,no data,no data,no data,no data,no data,no data,no data,no data,no data,no data,no data,no data,no data,no data,no data,no data,no data,no data,no data,no data,no data,no data,no data,no data,no data,no data,no data,no data,no data,no data,no data,no data,no data,no data,no data,no data,no data,no data,no data,no data,no data,no data,no data,no data,no data,no data,no data,no data,no data,no data,no data,no data,2026
Landlocked,no data,no data,no data,no data,no data,no data,no data,no data,no data,no data,no data,no data,no data,no data,no data,no data,no data,no data,no data,no data,no data,no data,no data,no data,no data,no data,no data,no data,no data,no data,no data,no data,no data,no data,no data,no data,no data,no data,no data,no data,no data,no data,no data,no data,no data,no data,no data,no data,no data,no data,no data,no data,2026
Latin America and the Caribbean,-3.3,-4.8,-4.9,0,0.8,0.3,-1.9,-0.7,-1,-0.7,-0.3,-1.9,-3.3,-3.6,-3.6,-2,-1.9,-3,-4,-2.8,-2.2,-2.5,-0.8,0.6,1,1.3,1.6,0.2,-1,-0.9,-2.1,-2.1,-2.6,-3,-3.3,-3.5,-2.2,-1.8,-2.7,-2,-0.2,-1.8,-2.2,-1.2,-1.1,-1.2,-0.9,-1.1,-1,-1,-1.1,-1.1,2026
Low Income,no data,no data,no data,no data,no data,no data,no data,no data,no data,no data,no data,no data,no data,no data,no data,no data,no data,no data,no data,no data,no data,no data,no data,no data,no data,no data,no data,no data,no data,no data,no data,no data,no data,no data,no data,no data,no data,no data,no data,no data,no data,no data,no data,no data,no data,no data,no data,no data,no data,no data,no data,no data,2026
Low Income Developing Countries,no data,no data,no data,no data,no data,no data,no data,no data,no data,no data,no data,no data,no data,no data,no data,no data,no data,no data,no data,no data,no data,no data,no data,no data,no data,no data,no data,no data,no data,no data,no data,no data,no data,no data,no data,no data,no data,no data,no data,no data,no data,no data,no data,no data,no data,no data,no data,no data,no data,no data,no data,no data,2026
Low-Income Countries,no data,no data,no data,no data,no data,no data,no data,no data,no data,no data,no data,no data,no data,no data,no data,no data,no data,no data,no data,no data,no data,no data,no data,no data,no data,no data,no data,no data,no data,no data,no data,no data,no data,no data,no data,no data,no data,no data,no data,no data,no data,no data,no data,no data,no data,no data,no data,no data,no data,no data,no data,no data,2026
Low-Income Developing Asia,no data,no data,no data,no data,no data,no data,no data,no data,no data,no data,no data,no data,no data,no data,no data,no data,no data,no data,no data,no data,no data,no data,no data,no data,no data,no data,no data,no data,no data,no data,no data,no data,no data,no data,no data,no data,no data,no data,no data,no data,no data,no data,no data,no data,no data,no data,no data,no data,no data,no data,no data,no data,2026
Low-Income Developing Countries,no data,no data,no data,no data,no data,no data,no data,no data,no data,no data,no data,no data,no data,no data,no data,no data,no data,no data,no data,no data,no data,no data,no data,no data,no data,no data,no data,no data,no data,no data,no data,no data,no data,no data,no data,no data,no data,no data,no data,no data,no data,no data,no data,no data,no data,no data,no data,no data,no data,no data,no data,no data,2026
Low-Income Developing Countries (median),no data,no data,no data,no data,no data,no data,no data,no data,no data,no data,no data,no data,no data,no data,no data,no data,no data,no data,no data,no data,no data,no data,no data,no data,no data,no data,no data,no data,no data,no data,no data,no data,no data,no data,no data,no data,no data,no data,no data,no data,no data,no data,no data,no data,no data,no data,no data,no data,no data,no data,no data,no data,2026
Low-Income Developing Latin America,no data,no data,no data,no data,no data,no data,no data,no data,no data,no data,no data,no data,no data,no data,no data,no data,no data,no data,no data,no data,no data,no data,no data,no data,no data,no data,no data,no data,no data,no data,no data,no data,no data,no data,no data,no data,no data,no data,no data,no data,no data,no data,no data,no data,no data,no data,no data,no data,no data,no data,no data,no data,2026
Low-Income Developing Oil Producers,no data,no data,no data,no data,no data,no data,no data,no data,no data,no data,no data,no data,no data,no data,no data,no data,no data,no data,no data,no data,no data,no data,no data,no data,no data,no data,no data,no data,no data,no data,no data,no data,no data,no data,no data,no data,no data,no data,no data,no data,no data,no data,no data,no data,no data,no data,no data,no data,no data,no data,no data,no data,2026
Low-Income Developing Others,no data,no data,no data,no data,no data,no data,no data,no data,no data,no data,no data,no data,no data,no data,no data,no data,no data,no data,no data,no data,no data,no data,no data,no data,no data,no data,no data,no data,no data,no data,no data,no data,no data,no data,no data,no data,no data,no data,no data,no data,no data,no data,no data,no data,no data,no data,no data,no data,no data,no data,no data,no data,2026
Low-Income Developing Sub-Saharan Africa,no data,no data,no data,no data,no data,no data,no data,no data,no data,no data,no data,no data,no data,no data,no data,no data,no data,no data,no data,no data,no data,no data,no data,no data,no data,no data,no data,no data,no data,no data,no data,no data,no data,no data,no data,no data,no data,no data,no data,no data,no data,no data,no data,no data,no data,no data,no data,no data,no data,no data,no data,no data,2026
Low-income countries,no data,no data,no data,no data,no data,no data,no data,no data,no data,no data,no data,no data,no data,no data,no data,no data,no data,no data,no data,no data,no data,no data,no data,no data,no data,no data,no data,no data,no data,no data,no data,no data,no data,no data,no data,no data,no data,no data,no data,no data,no data,no data,no data,no data,no data,no data,no data,no data,no data,no data,no data,no data,2026
MDRI countries ,no data,no data,no data,no data,no data,no data,no data,no data,no data,no data,no data,no data,no data,no data,no data,no data,no data,no data,no data,no data,no data,no data,no data,no data,no data,no data,no data,no data,no data,no data,no data,no data,no data,no data,no data,no data,no data,no data,no data,no data,no data,no data,no data,no data,no data,no data,no data,no data,no data,no data,no data,no data,2026
MICs excluding Nigeria and South Africa ,no data,no data,no data,no data,no data,no data,no data,no data,no data,no data,no data,no data,no data,no data,no data,no data,no data,no data,no data,no data,no data,no data,no data,no data,no data,no data,no data,no data,no data,no data,no data,no data,no data,no data,no data,no data,no data,no data,no data,no data,no data,no data,no data,no data,no data,no data,no data,no data,no data,no data,no data,no data,2026
Major advanced economies (G7),-0.7,-0.3,-0.1,-0.2,-0.7,-0.7,-0.4,-0.6,-0.4,-0.4,-0.5,-0.1,-0.2,0.1,-0.1,0,-0.1,0.1,-0.3,-0.8,-1.4,-1.4,-1.4,-1.5,-1.3,-1.7,-1.9,-1.3,-1.6,-0.6,-0.7,-0.7,-0.9,-0.6,-0.6,-0.5,-0.1,0.1,-0.1,0.1,-0.7,-0.8,-2,-1.4,-1.6,-1.5,-1.7,-1.7,-1.6,-1.6,-1.5,-1.5,2026
Middle East (Analytical),no data,no data,no data,no data,no data,no data,no data,no data,no data,no data,no data,no data,no data,no data,no data,no data,no data,no data,no data,no data,no data,no data,no data,no data,no data,no data,no data,no data,no data,no data,no data,no data,no data,no data,no data,no data,no data,no data,no data,no data,no data,no data,no data,no data,no data,no data,no data,no data,no data,no data,no data,no data,2026
Middle East and Central Asia,11.3,9.6,3.9,-1.7,-1.5,-0.4,-2.6,-1.1,-1.2,-0.5,0.1,-7.7,-4.7,-4,-2,-1.3,0.4,0.3,-3.6,0.5,5.4,3.3,2.9,4.6,7,12.4,13.4,10.7,11.7,2,6.2,11.5,10.9,8.7,4.9,-3.7,-4,-0.9,3,0.6,-3.4,3,7.8,3.7,2,0.7,1.1,0.4,-0.1,-0.1,-0.2,-0.2,2026
Middle East and Central Asia Group,no data,no data,no data,no data,no data,no data,no data,no data,no data,no data,no data,no data,no data,no data,no data,no data,no data,no data,no data,no data,no data,no data,no data,no data,no data,no data,no data,no data,no data,no data,no data,no data,no data,no data,no data,no data,no data,no data,no data,no data,no data,no data,no data,no data,no data,no data,no data,no data,no data,no data,no data,no data,2026
Middle East and North Africa,no data,no data,no data,no data,no data,no data,no data,no data,no data,no data,no data,no data,no data,no data,no data,no data,no data,no data,no data,no data,no data,no data,no data,no data,no data,no data,no data,no data,no data,no data,no data,no data,no data,no data,no data,no data,no data,no data,no data,no data,no data,no data,no data,no data,no data,no data,no data,no data,no data,no data,no data,no data,2026
"Middle East, North Africa, Afghanistan, and Pakistan",no data,no data,no data,no data,no data,no data,no data,no data,no data,no data,no data,no data,no data,no data,no data,no data,no data,no data,no data,no data,no data,no data,no data,no data,no data,no data,no data,no data,no data,no data,no data,no data,no data,no data,no data,no data,no data,no data,no data,no data,no data,no data,no data,no data,no data,no data,no data,no data,no data,no data,no data,no data,2026
Middle-income countries,no data,no data,no data,no data,no data,no data,no data,no data,no data,no data,no data,no data,no data,no data,no data,no data,no data,no data,no data,no data,no data,no data,no data,no data,no data,no data,no data,no data,no data,no data,no data,no data,no data,no data,no data,no data,no data,no data,no data,no data,no data,no data,no data,no data,no data,no data,no data,no data,no data,no data,no data,no data,2026
Non European Union,no data,no data,no data,no data,no data,no data,no data,no data,no data,no data,no data,no data,no data,no data,no data,no data,no data,no data,no data,no data,no data,no data,no data,no data,no data,no data,no data,no data,no data,no data,no data,no data,no data,no data,no data,no data,no data,no data,no data,no data,no data,no data,no data,no data,no data,no data,no data,no data,no data,no data,no data,no data,2026
Non G-20,no data,no data,no data,no data,no data,no data,no data,no data,no data,no data,no data,no data,no data,no data,no data,no data,no data,no data,no data,no data,no data,no data,no data,no data,no data,no data,no data,no data,no data,no data,no data,no data,no data,no data,no data,no data,no data,no data,no data,no data,no data,no data,no data,no data,no data,no data,no data,no data,no data,no data,no data,no data,2026
Non-Oil Fast,no data,no data,no data,no data,no data,no data,no data,no data,no data,no data,no data,no data,no data,no data,no data,no data,no data,no data,no data,no data,no data,no data,no data,no data,no data,no data,no data,no data,no data,no data,no data,no data,no data,no data,no data,no data,no data,no data,no data,no data,no data,no data,no data,no data,no data,no data,no data,no data,no data,no data,no data,no data,2026
Non-Oil High Income,no data,no data,no data,no data,no data,no data,no data,no data,no data,no data,no data,no data,no data,no data,no data,no data,no data,no data,no data,no data,no data,no data,no data,no data,no data,no data,no data,no data,no data,no data,no data,no data,no data,no data,no data,no data,no data,no data,no data,no data,no data,no data,no data,no data,no data,no data,no data,no data,no data,no data,no data,no data,2026
Non-Oil Low Income,no data,no data,no data,no data,no data,no data,no data,no data,no data,no data,no data,no data,no data,no data,no data,no data,no data,no data,no data,no data,no data,no data,no data,no data,no data,no data,no data,no data,no data,no data,no data,no data,no data,no data,no data,no data,no data,no data,no data,no data,no data,no data,no data,no data,no data,no data,no data,no data,no data,no data,no data,no data,2026
Non-Oil Medium,no data,no data,no data,no data,no data,no data,no data,no data,no data,no data,no data,no data,no data,no data,no data,no data,no data,no data,no data,no data,no data,no data,no data,no data,no data,no data,no data,no data,no data,no data,no data,no data,no data,no data,no data,no data,no data,no data,no data,no data,no data,no data,no data,no data,no data,no data,no data,no data,no data,no data,no data,no data,2026
Non-Oil Middle Income,no data,no data,no data,no data,no data,no data,no data,no data,no data,no data,no data,no data,no data,no data,no data,no data,no data,no data,no data,no data,no data,no data,no data,no data,no data,no data,no data,no data,no data,no data,no data,no data,no data,no data,no data,no data,no data,no data,no data,no data,no data,no data,no data,no data,no data,no data,no data,no data,no data,no data,no data,no data,2026
Non-Oil Slow,no data,no data,no data,no data,no data,no data,no data,no data,no data,no data,no data,no data,no data,no data,no data,no data,no data,no data,no data,no data,no data,no data,no data,no data,no data,no data,no data,no data,no data,no data,no data,no data,no data,no data,no data,no data,no data,no data,no data,no data,no data,no data,no data,no data,no data,no data,no data,no data,no data,no data,no data,no data,2026
Non-oil,no data,no data,no data,no data,no data,no data,no data,no data,no data,no data,no data,no data,no data,no data,no data,no data,no data,no data,no data,no data,no data,no data,no data,no data,no data,no data,no data,no data,no data,no data,no data,no data,no data,no data,no data,no data,no data,no data,no data,no data,no data,no data,no data,no data,no data,no data,no data,no data,no data,no data,no data,no data,2026
Non-resource-intensive countires  ,no data,no data,no data,no data,no data,no data,no data,no data,no data,no data,no data,no data,no data,no data,no data,no data,no data,no data,no data,no data,no data,no data,no data,no data,no data,no data,no data,no data,no data,no data,no data,no data,no data,no data,no data,no data,no data,no data,no data,no data,no data,no data,no data,no data,no data,no data,no data,no data,no data,no data,no data,no data,2026
None G-7,no data,no data,no data,no data,no data,no data,no data,no data,no data,no data,no data,no data,no data,no data,no data,no data,no data,no data,no data,no data,no data,no data,no data,no data,no data,no data,no data,no data,no data,no data,no data,no data,no data,no data,no data,no data,no data,no data,no data,no data,no data,no data,no data,no data,no data,no data,no data,no data,no data,no data,no data,no data,2026
Oil Producers,no data,no data,no data,no data,no data,no data,no data,no data,no data,no data,no data,no data,no data,no data,no data,no data,no data,no data,no data,no data,no data,no data,no data,no data,no data,no data,no data,no data,no data,no data,no data,no data,no data,no data,no data,no data,no data,no data,no data,no data,no data,no data,no data,no data,no data,no data,no data,no data,no data,no data,no data,no data,2026
Oil-exporting countries,no data,no data,no data,no data,no data,no data,no data,no data,no data,no data,no data,no data,no data,no data,no data,no data,no data,no data,no data,no data,no data,no data,no data,no data,no data,no data,no data,no data,no data,no data,no data,no data,no data,no data,no data,no data,no data,no data,no data,no data,no data,no data,no data,no data,no data,no data,no data,no data,no data,no data,no data,no data,2026
Oil-exporting countries excluding Nigeria ,no data,no data,no data,no data,no data,no data,no data,no data,no data,no data,no data,no data,no data,no data,no data,no data,no data,no data,no data,no data,no data,no data,no data,no data,no data,no data,no data,no data,no data,no data,no data,no data,no data,no data,no data,no data,no data,no data,no data,no data,no data,no data,no data,no data,no data,no data,no data,no data,no data,no data,no data,no data,2026
Oil-importing countries ,no data,no data,no data,no data,no data,no data,no data,no data,no data,no data,no data,no data,no data,no data,no data,no data,no data,no data,no data,no data,no data,no data,no data,no data,no data,no data,no data,no data,no data,no data,no data,no data,no data,no data,no data,no data,no data,no data,no data,no data,no data,no data,no data,no data,no data,no data,no data,no data,no data,no data,no data,no data,2026
Oil-importing countries excluding South Africa ,no data,no data,no data,no data,no data,no data,no data,no data,no data,no data,no data,no data,no data,no data,no data,no data,no data,no data,no data,no data,no data,no data,no data,no data,no data,no data,no data,no data,no data,no data,no data,no data,no data,no data,no data,no data,no data,no data,no data,no data,no data,no data,no data,no data,no data,no data,no data,no data,no data,no data,no data,no data,2026
Other Advanced,no data,no data,no data,no data,no data,no data,no data,no data,no data,no data,no data,no data,no data,no data,no data,no data,no data,no data,no data,no data,no data,no data,no data,no data,no data,no data,no data,no data,no data,no data,no data,no data,no data,no data,no data,no data,no data,no data,no data,no data,no data,no data,no data,no data,no data,no data,no data,no data,no data,no data,no data,no data,2026
Other Groups,no data,no data,no data,no data,no data,no data,no data,no data,no data,no data,no data,no data,no data,no data,no data,no data,no data,no data,no data,no data,no data,no data,no data,no data,no data,no data,no data,no data,no data,no data,no data,no data,no data,no data,no data,no data,no data,no data,no data,no data,no data,no data,no data,no data,no data,no data,no data,no data,no data,no data,no data,no data,2026
Other advanced economies,no data,no data,no data,no data,0.3,0.6,0.8,1.5,1.3,0.5,0.2,0.6,0.7,1.4,0.7,0.2,0.3,1,2.9,2.8,3,3.5,3.4,4.3,4.1,3.8,4.2,3.4,2.8,3.9,4.7,3.9,4,4.8,4.9,5.3,4.8,4.4,4.2,4.4,5,6.6,6.4,5.5,6.6,6.8,6.4,6.3,6.2,6.1,6.1,5.9,2026
Other countries,no data,no data,no data,no data,no data,no data,no data,no data,no data,no data,no data,no data,no data,no data,no data,no data,no data,no data,no data,no data,no data,no data,no data,no data,no data,no data,no data,no data,no data,no data,no data,no data,no data,no data,no data,no data,no data,no data,no data,no data,no data,no data,no data,no data,no data,no data,no data,no data,no data,no data,no data,no data,2026
Other gender budgeting countries covered in the surveys,no data,no data,no data,no data,no data,no data,no data,no data,no data,no data,no data,no data,no data,no data,no data,no data,no data,no data,no data,no data,no data,no data,no data,no data,no data,no data,no data,no data,no data,no data,no data,no data,no data,no data,no data,no data,no data,no data,no data,no data,no data,no data,no data,no data,no data,no data,no data,no data,no data,no data,no data,no data,2026
Prominent gender budgeting countries covered in the surveys,no data,no data,no data,no data,no data,no data,no data,no data,no data,no data,no data,no data,no data,no data,no data,no data,no data,no data,no data,no data,no data,no data,no data,no data,no data,no data,no data,no data,no data,no data,no data,no data,no data,no data,no data,no data,no data,no data,no data,no data,no data,no data,no data,no data,no data,no data,no data,no data,no data,no data,no data,no data,2026
Resource-intensive countries  ,no data,no data,no data,no data,no data,no data,no data,no data,no data,no data,no data,no data,no data,no data,no data,no data,no data,no data,no data,no data,no data,no data,no data,no data,no data,no data,no data,no data,no data,no data,no data,no data,no data,no data,no data,no data,no data,no data,no data,no data,no data,no data,no data,no data,no data,no data,no data,no data,no data,no data,no data,no data,2026
Rest,no data,no data,no data,no data,no data,no data,no data,no data,no data,no data,no data,no data,no data,no data,no data,no data,no data,no data,no data,no data,no data,no data,no data,no data,no data,no data,no data,no data,no data,no data,no data,no data,no data,no data,no data,no data,no data,no data,no data,no data,no data,no data,no data,no data,no data,no data,no data,no data,no data,no data,no data,no data,2026
SACU,no data,no data,no data,no data,no data,no data,no data,no data,no data,no data,no data,no data,no data,no data,no data,no data,no data,no data,no data,no data,no data,no data,no data,no data,no data,no data,no data,no data,no data,no data,no data,no data,no data,no data,no data,no data,no data,no data,no data,no data,no data,no data,no data,no data,no data,no data,no data,no data,no data,no data,no data,no data,2026
SADC,no data,no data,no data,no data,no data,no data,no data,no data,no data,no data,no data,no data,no data,no data,no data,no data,no data,no data,no data,no data,no data,no data,no data,no data,no data,no data,no data,no data,no data,no data,no data,no data,no data,no data,no data,no data,no data,no data,no data,no data,no data,no data,no data,no data,no data,no data,no data,no data,no data,no data,no data,no data,2026
SSA excluding Nigeria and South Africa ,no data,no data,no data,no data,no data,no data,no data,no data,no data,no data,no data,no data,no data,no data,no data,no data,no data,no data,no data,no data,no data,no data,no data,no data,no data,no data,no data,no data,no data,no data,no data,no data,no data,no data,no data,no data,no data,no data,no data,no data,no data,no data,no data,no data,no data,no data,no data,no data,no data,no data,no data,no data,2026
SSA excluding Zimbabwe,no data,no data,no data,no data,no data,no data,no data,no data,no data,no data,no data,no data,no data,no data,no data,no data,no data,no data,no data,no data,no data,no data,no data,no data,no data,no data,no data,no data,no data,no data,no data,no data,no data,no data,no data,no data,no data,no data,no data,no data,no data,no data,no data,no data,no data,no data,no data,no data,no data,no data,no data,no data,2026
Sub-Saharan Africa,-1.1,-3.9,-3.1,-1.7,-1.5,-0.1,-1,0,-1.5,-1.2,-0.2,-1.2,-0.9,-1,-1.3,-1.8,0.2,-1.1,-2.3,-1.7,1.1,-0.6,-0.6,-0.4,0.9,3.2,3,1.2,0.3,-2,-0.7,-0.6,-1.5,-1.9,-3.1,-4.9,-3.1,-1.7,-1.8,-2.5,-2.4,-0.7,-1.9,-2.4,-1.3,-0.9,-0.6,-1.1,-1.2,-1,-1,-0.9,2026
"Sub-Saharan Africa, excluding South Sudan",no data,no data,no data,no data,no data,no data,no data,no data,no data,no data,no data,no data,no data,no data,no data,no data,no data,no data,no data,no data,no data,no data,no data,no data,no data,no data,no data,no data,no data,no data,no data,no data,no data,no data,no data,no data,no data,no data,no data,no data,no data,no data,no data,no data,no data,no data,no data,no data,no data,no data,no data,no data,2026
WAEMU,no data,no data,no data,no data,no data,no data,no data,no data,no data,no data,no data,no data,no data,no data,no data,no data,no data,no data,no data,no data,no data,no data,no data,no data,no data,no data,no data,no data,no data,no data,no data,no data,no data,no data,no data,no data,no data,no data,no data,no data,no data,no data,no data,no data,no data,no data,no data,no data,no data,no data,no data,no data,2026
Western Hemisphere Group,no data,no data,no data,no data,no data,no data,no data,no data,no data,no data,no data,no data,no data,no data,no data,no data,no data,no data,no data,no data,no data,no data,no data,no data,no data,no data,no data,no data,no data,no data,no data,no data,no data,no data,no data,no data,no data,no data,no data,no data,no data,no data,no data,no data,no data,no data,no data,no data,no data,no data,no data,no data,2026
World,-0.7,-0.7,-0.8,-0.7,-0.6,-0.5,-0.5,-0.4,-0.3,-0.4,-0.5,-0.6,-0.5,-0.2,-0.3,-0.2,-0.2,0,-0.3,-0.3,-0.4,-0.5,-0.4,-0.2,0,0.1,0.3,0.3,0.1,0.3,0.5,0.4,0.5,0.5,0.5,0.2,0.4,0.6,0.4,0.4,0.3,0.8,0.4,0.3,0.4,0.6,0.4,0.3,0.3,0.3,0.3,0.3,2026
,no data,no data,no data,no data,no data,no data,no data,no data,no data,no data,no data,no data,no data,no data,no data,no data,no data,no data,no data,no data,no data,no data,no data,no data,no data,no data,no data,no data,no data,no data,no data,no data,no data,no data,no data,no data,no data,no data,no data,no data,no data,no data,no data,no data,no data,no data,no data,no data,no data,no data,no data,no data,2026
High Inflation Countries,no data,no data,no data,no data,no data,no data,no data,no data,no data,no data,no data,no data,no data,no data,no data,no data,no data,no data,no data,no data,no data,no data,no data,no data,no data,no data,no data,no data,no data,no data,no data,no data,no data,no data,no data,no data,no data,no data,no data,no data,no data,no data,no data,no data,no data,no data,no data,no data,no data,no data,no data,no data,2026
Inflation exceeding growth,no data,no data,no data,no data,no data,no data,no data,no data,no data,no data,no data,no data,no data,no data,no data,no data,no data,no data,no data,no data,no data,no data,no data,no data,no data,no data,no data,no data,no data,no data,no data,no data,no data,no data,no data,no data,no data,no data,no data,no data,no data,no data,no data,no data,no data,no data,no data,no data,no data,no data,no data,no data,2026
Positive growth,no data,no data,no data,no data,no data,no data,no data,no data,no data,no data,no data,no data,no data,no data,no data,no data,no data,no data,no data,no data,no data,no data,no data,no data,no data,no data,no data,no data,no data,no data,no data,no data,no data,no data,no data,no data,no data,no data,no data,no data,no data,no data,no data,no data,no data,no data,no data,no data,no data,no data,no data,no data,2026
,,,,,,,,,,,,,,,,,,,,,,,,,,,,,,,,,,,,,,,,,,,,,,,,,,,,,
"©IMF, 2026",,,,,,,,,,,,,,,,,,,,,,,,,,,,,,,,,,,,,,,,,,,,,,,,,,,,,
