"Data Source","World Development Indicators",

"Last Updated Date","2026-04-08",

"Country Name","Country Code","Indicator Name","Indicator Code","1960","1961","1962","1963","1964","1965","1966","1967","1968","1969","1970","1971","1972","1973","1974","1975","1976","1977","1978","1979","1980","1981","1982","1983","1984","1985","1986","1987","1988","1989","1990","1991","1992","1993","1994","1995","1996","1997","1998","1999","2000","2001","2002","2003","2004","2005","2006","2007","2008","2009","2010","2011","2012","2013","2014","2015","2016","2017","2018","2019","2020","2021","2022","2023","2024","2025",
"Aruba","ABW","External debt stocks (% of GNI)","DT.DOD.DECT.GN.ZS","","","","","","","","","","","","","","","","","","","","","","","","","","","","","","","","","","","","","","","","","","","","","","","","","","","","","","","","","","","","","","","","","","",
"Africa Eastern and Southern","AFE","External debt stocks (% of GNI)","DT.DOD.DECT.GN.ZS","","","","","","","","","","","","","","","","","","","","","","","","","","","","","","","","","","","","","","","","","","","","","","","","","","","","","","","","","","","","","","","","","","",
"Afghanistan","AFG","External debt stocks (% of GNI)","DT.DOD.DECT.GN.ZS","","","","","","","","","","","","","","","","","","","","","","","","","","","","","","","","","","","","","","","","","","","","","","","13.7928583731895","20.4806758495246","21.2121323521857","20.0367248536922","15.3334973971382","13.9770517017747","12.9281604362278","12.8048363659593","12.3049882693651","13.4908301094464","14.1470450360055","14.5133427404056","14.6424246657516","13.9496520351375","15.1208585304773","24.7857399527695","23.3368489761511","19.8909368152618","","",
"Africa Western and Central","AFW","External debt stocks (% of GNI)","DT.DOD.DECT.GN.ZS","","","","","","","","","","","","","","","","","","","","","","","","","","","","","","","","","","","","","","","","","","","","","","","","","","","","","","","","","","","","","","","","","","",
"Angola","AGO","External debt stocks (% of GNI)","DT.DOD.DECT.GN.ZS","","","","","","","","","","","","","","","","","","","","","","","","","","","","","","72.6885540625213","85.6841147539101","84.8786055943759","287.568152746417","326.524497253351","581.118594659053","241.057580028413","180.899433628874","147.806121516533","194.747864891032","223.247861326023","131.075486566154","119.007608419805","66.8015479069923","56.6608944666511","46.5316387283025","37.1535135368479","21.4383204383608","20.7080710064909","20.8444196333637","31.9407468104196","35.3911613090284","33.9687833337354","30.7446796123415","35.3141708088895","35.9601982257134","56.7801551813803","114.845094739154","84.9404832711627","84.2843625797666","96.5947267900598","148.159899274824","108.138096106725","62.7115153094556","74.5628642843282","79.5726391511001","",
"Albania","ALB","External debt stocks (% of GNI)","DT.DOD.DECT.GN.ZS","","","","","","","","","","","","","","","","","","","","","","","","","","","","","","","","47.4538639208255","102.519434311342","64.4704411333546","46.60851251549","15.5615646945277","14.8810815335608","22.0851756963377","23.3403259411991","23.0141128417427","30.4144117827728","27.581686451568","25.5397783430657","26.0539897724531","21.178413528974","25.2646599245955","26.7503739581707","26.0011017019066","31.9600228907674","37.9325638922566","45.4386914236501","49.9704814370826","60.7645738045994","66.4368565074873","63.4459677291758","72.7839311764582","69.9108688734659","73.748302704928","62.8192787162639","60.2886652039553","69.8900514825763","62.1678808397569","55.7646269319117","48.6747823852328","39.7190681766686","",
"Andorra","AND","External debt stocks (% of GNI)","DT.DOD.DECT.GN.ZS","","","","","","","","","","","","","","","","","","","","","","","","","","","","","","","","","","","","","","","","","","","","","","","","","","","","","","","","","","","","","","","","","","",
"Arab World","ARB","External debt stocks (% of GNI)","DT.DOD.DECT.GN.ZS","","","","","","","","","","","","","","","","","","","","","","","","","","","","","","","","","","","","","","","","","","","","","","","","","","","","","","","","","","","","","","","","","","",
"United Arab Emirates","ARE","External debt stocks (% of GNI)","DT.DOD.DECT.GN.ZS","","","","","","","","","","","","","","","","","","","","","","","","","","","","","","","","","","","","","","","","","","","","","","","","","","","","","","","","","","","","","","","","","","",
"Argentina","ARG","External debt stocks (% of GNI)","DT.DOD.DECT.GN.ZS","","","","","","","","","","","19.3878463641955","18.8909751518718","20.1576140700061","13.9876910704174","10.7299634680028","14.8670877222983","18.5632714477505","20.7240052370103","15.2650083179408","30.8582520740321","35.8155600377188","46.6013548308641","55.2560428399715","47.0146805803112","44.2541572106747","61.3235788327673","52.1206260544949","56.5978653845906","48.624407682908","93.3424186174631","46.2282372006326","35.7191930020236","30.556438109999","27.6719318453773","29.5945044681267","38.9848417579252","41.6825294657416","44.742849204167","48.5365413234134","55.0294127610094","54.2417099417586","58.4932935172091","159.890183546743","133.474955613907","114.783966038451","74.2469415660219","52.8779757006235","43.1501917496034","36.7967786223547","41.4241623275672","30.9491301873404","27.7441780087921","26.2396878854826","27.8097452222931","29.8319023900009","30.3597130322943","33.3125611167404","36.0210140421607","54.8960712180333","65.2499452681964","68.0983401439473","51.6176877458835","40.0821942544545","39.9528949452964","39.0583452380588","",
"Armenia","ARM","External debt stocks (% of GNI)","DT.DOD.DECT.GN.ZS","","","","","","","","","","","","","","","","","","","","","","","","","","","","","","","","","","11.1600495862994","16.3467495701756","24.5820006708766","31.7076435721137","36.7643608733105","41.1894948588224","53.8084288501274","51.6822939077758","64.6369814678621","69.9371558433651","68.8336104106055","56.5888045570056","38.5750336386734","31.9881885928206","31.7603379636547","29.2430682607578","54.7919777524588","64.8981549562732","70.5642908723285","69.1932584997682","73.5435614911053","70.522973244206","80.4154639528465","91.3302217488821","85.7142699282465","84.732912100644","86.0748926105104","105.006642730875","104.151886769747","83.8849419476276","67.5888031767855","65.9870950657396","",
"American Samoa","ASM","External debt stocks (% of GNI)","DT.DOD.DECT.GN.ZS","","","","","","","","","","","","","","","","","","","","","","","","","","","","","","","","","","","","","","","","","","","","","","","","","","","","","","","","","","","","","","","","","","",
"Antigua and Barbuda","ATG","External debt stocks (% of GNI)","DT.DOD.DECT.GN.ZS","","","","","","","","","","","","","","","","","","","","","","","","","","","","","","","","","","","","","","","","","","","","","","","","","","","","","","","","","","","","","","","","","","",
"Australia","AUS","External debt stocks (% of GNI)","DT.DOD.DECT.GN.ZS","","","","","","","","","","","","","","","","","","","","","","","","","","","","","","","","","","","","","","","","","","","","","","","","","","","","","","","","","","","","","","","","","","",
"Austria","AUT","External debt stocks (% of GNI)","DT.DOD.DECT.GN.ZS","","","","","","","","","","","","","","","","","","","","","","","","","","","","","","","","","","","","","","","","","","","","","","","","","","","","","","","","","","","","","","","","","","",
"Azerbaijan","AZE","External debt stocks (% of GNI)","DT.DOD.DECT.GN.ZS","","","","","","","","","","","","","","","","","","","","","","","","","","","","","","","","","","2.2559438095238","9.4477167492261","13.2997889166133","13.838491545296","12.8518706781873","15.8378333067734","27.0356567298319","30.6140155929779","27.3204317935916","28.1632318051662","27.8913661531088","26.8473875403857","19.3448674587574","15.2700449073449","13.9068031577395","10.3182912677324","11.1638501179119","14.6468541228462","12.5683717083814","16.5157223576325","15.0367742964424","16.5803142224794","25.6506623442435","40.6551613615557","38.9047105034808","36.7062470497771","35.4882895436333","38.6218709117582","29.0146661756027","21.0241211321362","21.615448196512","17.0427856612147","",
"Burundi","BDI","External debt stocks (% of GNI)","DT.DOD.DECT.GN.ZS","","","","","","","","","","","6.36270943129987","5.59079243164429","2.92913540569276","2.62879224497429","2.80649399580839","4.69967383761037","5.1162476919017","8.79058460125592","12.5351248999886","17.6334211332709","17.9775747765274","18.4872194835843","22.6175281060772","28.6631868258965","35.7254501996806","40.2169464566216","48.2972877958715","69.7688832408881","75.5751188310287","81.0768465875687","81.1785560693257","83.3345705060828","95.9981488292997","114.731320120499","123.395043153805","117.604241722386","132.231663124871","111.303811990046","126.692525418633","144.800649465072","127.247625647928","126.496858951287","151.804954128867","175.849196871252","152.927943930632","117.152931576234","108.489325868382","104.40031697488","86.4859445638783","34.4118134879002","30.7174205499981","27.2753185367529","28.5334432668174","27.7256926440413","25.6132540353277","20.1955195118146","22.8401921043702","22.3269256387722","22.2147815852055","24.3310399153694","24.9628147442442","35.0577385162281","28.2437372763755","39.0377219531154","47.1269669797444","",
"Belgium","BEL","External debt stocks (% of GNI)","DT.DOD.DECT.GN.ZS","","","","","","","","","","","","","","","","","","","","","","","","","","","","","","","","","","","","","","","","","","","","","","","","","","","","","","","","","","","","","","","","","","",
"Benin","BEN","External debt stocks (% of GNI)","DT.DOD.DECT.GN.ZS","","","","","","","","","","","13.048332121415","15.3779101673402","11.5904122453271","17.9397760581887","19.5363985321796","17.6455271859462","20.2205801247701","28.3225019469077","30.5555553916792","38.2185055641113","33.8624716939869","42.1783932679007","60.0963633985777","73.7895905612364","74.6524849306557","88.1362330049434","79.2774832151523","81.1374951271431","73.3466221020661","73.0909569281504","57.8246351809012","58.7906039516312","73.3390680363227","56.8575663419115","88.4296296403079","65.7036897816053","59.4996075929279","61.3969219128184","60.0863334582771","42.6274218252155","42.8816395497772","44.6080456131561","44.4370658133816","32.1334455509149","32.419186077994","28.6476157952963","17.9181942417548","18.4502839223657","17.4105461426429","20.7638857666327","24.0894770387043","20.5140515513214","24.1126154231862","24.6839696449673","27.5787746951688","31.8337413318005","35.5161661575197","38.8078591798797","48.5044887424269","48.4523108206094","54.7130728796589","59.6659345183529","63.163660783078","64.4103774213458","66.5543408193995","",
"Burkina Faso","BFA","External debt stocks (% of GNI)","DT.DOD.DECT.GN.ZS","","","","","","","","","","","4.53519029308932","4.89680149755671","3.46720980957279","4.60572266420121","6.32337326428222","6.73971729281337","8.82151315121369","14.7866873213601","17.9385569022035","16.9631256985463","17.1677158713464","18.5816612675799","20.1717100903705","25.0106099391286","28.1774776217012","33.042616447118","31.4981420303817","35.0482812657888","32.4728755174487","27.5478433966803","26.945234188084","30.9499136749909","31.0879104420446","35.1762492542278","60.3411902658195","53.7779659536523","50.1827029123971","53.4783994715824","52.4738713965583","47.3921860313128","48.7863677720035","47.6987840842342","43.6036836585019","37.5117673258691","35.9675476454255","33.0686776652641","17.5211107667213","25.9043169252733","28.411771846923","39.8899522491126","49.0210269923812","51.5649433752892","60.7622601114067","68.3909839730337","77.2449730208755","111.588257916983","83.6087932611822","94.0623582632253","69.0514156278439","59.7717694385558","57.1113882568484","55.0365504706363","54.9423521840175","53.7746197762312","48.7617444251463","",
"Bangladesh","BGD","External debt stocks (% of GNI)","DT.DOD.DECT.GN.ZS","","","","","","","","","","","","","","6.1398965778989","10.0415093953776","8.64450824886865","19.7321173387158","24.2664578666894","21.3026197551157","19.098370779502","20.9409089112837","20.442718194955","26.2126014488343","29.5000793798598","28.488341241829","28.8235021829114","35.6444024869945","39.1603036422247","37.800824965731","36.3751567848296","38.132901218472","41.1077239040266","41.343960770498","41.4603414935952","44.4817833582431","40.2456434408221","31.8346085535008","28.7377820855822","30.16083573981","31.1302505036908","28.312285791779","26.9258696430478","29.3237754107195","29.4649511156153","29.0231053050116","25.5020847255283","26.5815575749539","25.4056316582734","23.6567567728032","22.9455982553559","21.3233746649766","19.4870042621521","20.1641903015642","20.0259278722599","19.1263744321957","18.656464728563","14.9717904789002","16.8057450414319","17.0924802738604","17.0856511809436","18.8853836099419","20.8766117836117","20.2659753173734","22.285488486933","22.2547977203389","",
"Bulgaria","BGR","External debt stocks (% of GNI)","DT.DOD.DECT.GN.ZS","","","","","","","","","","","","","","","","","","","","","","3.92805370572089","6.84345216442622","10.5468402014013","14.7179202390401","22.5333883468357","29.1582443529442","29.746383239164","40.4062318038023","47.4767876248536","57.3261240943265","171.30414564208","139.905864263831","114.458533949538","103.278283812224","55.9218913764098","87.137654548603","101.279459928496","77.332349149359","87.679290084473","92.9274464693374","79.3534606296674","73.528507135529","66.3590388601474","62.8051151479317","61.7897122108128","83.5303829724867","106.474863441669","102.355249001114","110.575238378222","102.154723903704","85.4390374104161","95.9901816200883","94.6293061986107","83.3878250602764","82.2109970267088","76.7179340519249","71.0172266155605","62.8196158803579","60.9206861477362","68.9203679357025","55.4591810194464","55.1420198890214","","","",
"Bahrain","BHR","External debt stocks (% of GNI)","DT.DOD.DECT.GN.ZS","","","","","","","","","","","","","","","","","","","","","","","","","","","","","","","","","","","","","","","","","","","","","","","","","","","","","","","","","","","","","","","","","","",
"Bahamas, The","BHS","External debt stocks (% of GNI)","DT.DOD.DECT.GN.ZS","","","","","","","","","","","","","","","","","","","","","","","","","","","","","","","","","","","","","","","","","","","","","","","","","","","","","","","","","","","","","","","","","","",
"Bosnia and Herzegovina","BIH","External debt stocks (% of GNI)","DT.DOD.DECT.GN.ZS","","","","","","","","","","","","","","","","","","","","","","","","","","","","","","","","","","","","","","","","44.4899763302482","45.7829580355534","42.4939768480914","44.5825322331046","50.9194483770175","50.3144903780529","60.5046673297143","65.5535007995215","71.694707674723","66.5141438138345","76.9743710097013","82.2453082081754","66.0197582347205","75.2172904132291","75.1253998867342","70.1777331538126","70.5762540899842","68.0557464337731","71.87227677897","63.739448130961","62.0944658549127","69.5081286353197","58.8174446888183","55.5070051088793","50.553295139949","49.1550732058777","",
"Belarus","BLR","External debt stocks (% of GNI)","DT.DOD.DECT.GN.ZS","","","","","","","","","","","","","","","","","","","","","","","","","","","","","","","","","","5.94345489413757","8.69271963276522","12.127012460773","13.26037266608","14.7577622242643","15.6863482818758","22.2496263591837","20.6572694472304","22.7325564113519","23.3372108414943","21.1732557777806","19.8998759713021","17.5122322842616","17.8089875342292","27.9197134817248","25.2698045537289","44.3708130088257","50.6732988610616","55.5543841804718","52.5663191513601","54.3029638313045","52.3407013607064","70.7668231487899","82.5010405969595","75.1554915511371","67.0009807620654","65.1747660547607","70.9847643016215","62.0622832088135","56.3947988685637","52.4376285095848","46.1452886653758","",
"Belize","BLZ","External debt stocks (% of GNI)","DT.DOD.DECT.GN.ZS","","","","","","","","","","","7.91629490232558","7.63574760880085","8.03788400437961","6.51170295253686","5.71107919889335","4.5574538978235","10.3345924799758","18.4463162873717","25.7241444787645","49.0310676450512","24.6793976120572","23.26773370678","28.6498405089267","39.2121916228326","34.9414096232089","42.5830281903389","39.9192527677694","37.5881102465753","31.8548261047562","28.5031659742418","26.4819125684074","27.5279330781011","26.5611579333627","26.4950981615144","26.6063642234446","32.035755319006","34.1492409117029","52.9481714641891","37.1606336427246","43.3887434268548","58.0021435341352","65.2932096074114","72.1671354028778","87.0683169319173","75.2161040696139","75.2035581223775","71.9186530610254","69.469989591429","81.0678251934783","80.8063353112347","81.1271940546319","73.6871934030447","66.8640968710153","65.2809299610986","64.3273188536963","61.0374168644776","60.617190802549","62.5582203804267","63.1433493052864","61.9332736035164","77.0009327522602","61.9874859473581","54.2321774965168","51.3692267076717","46.0428964719523","",
"Bermuda","BMU","External debt stocks (% of GNI)","DT.DOD.DECT.GN.ZS","","","","","","","","","","","","","","","","","","","","","","","","","","","","","","","","","","","","","","","","","","","","","","","","","","","","","","","","","","","","","","","","","","",
"Bolivia","BOL","External debt stocks (% of GNI)","DT.DOD.DECT.GN.ZS","","","","","","","","","","","","","","","","","50.3607785665377","57.0359866346184","61.3896947081168","60.8991299618453","66.5877399544711","61.2481586379414","66.0305850849297","82.4316774045979","76.6748592333232","97.877857225092","155.349571726574","146.679442209255","115.340777653758","94.9062823463219","94.6090597717833","81.6060232874865","79.549026253209","79.5899114163954","85.6255239458622","82.3419250830633","73.3852914331898","68.7401020901958","68.2426729808307","69.9127922856289","72.1063448569771","60.4517850837271","66.3179877393637","75.369178578816","74.9155884108386","75.9600603410338","56.5897210093666","40.0990733516061","35.327025324837","34.6829592821543","30.7903134940057","26.9046899987175","25.9950613983393","28.3177141091976","28.3850395594485","31.0456275763891","32.9957292948572","35.6879564139746","33.7006008149571","35.6998390215282","42.5818186341753","40.697891574053","37.2686637973882","37.1837075987323","32.5376974869568","",
"Brazil","BRA","External debt stocks (% of GNI)","DT.DOD.DECT.GN.ZS","","","","","","","","","","","14.3406853099033","15.8702009003508","20.4280406556533","19.2215423784086","21.5335073009743","22.7686658623387","22.4805684309467","24.5306428494806","28.0660302162939","28.2240868693677","31.6691441907546","32.4208251487198","35.3362197646868","51.7231840196999","52.9382283982201","49.3562670795796","42.8010801980531","42.5779229973393","37.2701745469958","26.4069983849145","32.1065884304153","36.2352775207343","40.2284403068835","40.2418824846136","30.2671190323539","21.2189844098868","21.6665361778305","22.9073572977231","28.6093884024265","42.1767806671039","38.096473476996","42.4435005758245","47.0768538372546","43.6447539570516","33.9781537953332","21.7546275711234","17.9925275401458","17.4373059288235","15.8956462087501","17.2780448195865","16.4609633891935","15.8516033318801","18.3256247191339","19.8377244708135","23.1060429665359","30.7299282835538","30.9090873467642","26.8156664558868","29.9289604206331","31.1964144613097","38.0076646022397","35.2910131878973","30.5621181630478","28.628650184641","28.6612661075538","",
"Barbados","BRB","External debt stocks (% of GNI)","DT.DOD.DECT.GN.ZS","","","","","","","","","","","","","","","","","","","","","","","","","","","","","","","","","","","","","","","","","","","","","","","","","","","","","","","","","","","","","","","","","","",
"Brunei Darussalam","BRN","External debt stocks (% of GNI)","DT.DOD.DECT.GN.ZS","","","","","","","","","","","","","","","","","","","","","","","","","","","","","","","","","","","","","","","","","","","","","","","","","","","","","","","","","","","","","","","","","","",
"Bhutan","BTN","External debt stocks (% of GNI)","DT.DOD.DECT.GN.ZS","","","","","","","","","","","","","","","","","","","","","","0.301695675032658","1.06484895930122","1.58158134545806","2.16314821648918","6.86278664064241","13.4885029868619","19.0359840832357","27.2649700308774","29.3403720074785","31.0423621624063","39.4793354873786","42.0921120119101","47.8568248058352","43.7735679729839","41.7651199520432","42.143634578129","37.2867282180907","55.6865946001539","58.5995375781584","45.970158103703","54.9964360247908","70.0250730771053","77.3528202547004","83.5882778970017","77.3543597134731","76.7695887569685","64.6856311952781","53.9988211399385","61.4121935667988","57.6608858212657","57.4352950866873","79.1608314145797","89.4459115640474","99.3381192854371","103.230441033963","110.020732525956","113.849547308498","112.222258298103","111.877606026612","139.831817651251","125.138819900092","115.015506284534","114.49950351728","","",
"Botswana","BWA","External debt stocks (% of GNI)","DT.DOD.DECT.GN.ZS","","","","","","","","","","","17.2428721261651","25.3599948898575","45.4576342360268","47.020169370253","43.3241021839128","41.6645677458789","44.7155682310911","41.0876330539645","21.2628406306","15.8584442608016","13.3749068595239","14.3556814527749","19.6233719706017","20.1419711978639","23.6887759976021","33.9439216339331","31.7482138897057","31.4264490064543","21.5800555691273","19.5168758219998","15.0054289147225","15.2920019076362","14.2373819390461","14.9083847547427","17.358466148929","15.2645217789696","13.6360137305232","11.7881955401799","10.8383550271136","9.77003102936806","8.32268597800998","7.47976563172273","10.3645611323196","7.56528331713902","6.44916341871367","5.06958018993644","3.89500560934991","4.16816133150311","4.39873200582818","16.3853962429161","14.8752744836522","15.9508587187728","17.7728391392687","17.4581483023392","16.6042841074893","16.9995186828514","15.3799402336298","11.7524342645419","11.4836203837343","9.32339448456644","10.6992155948814","10.6318003846395","9.83885342882201","11.2373733255328","11.9275332021357","",
"Central African Republic","CAF","External debt stocks (% of GNI)","DT.DOD.DECT.GN.ZS","","","","","","","","","","","12.8891561300637","14.2856419881778","16.1268465235597","20.945618810911","24.5779242690824","21.013150815073","20.9958549049371","26.0434651855741","23.269945731914","22.6963553874097","24.3449418862933","33.4310769273293","34.2045187599156","39.801162775206","41.9674992668011","40.0590961349001","41.6143503439751","52.4977460890117","54.0516434121342","57.3979141394522","49.2503762656125","58.3416981817824","58.2834428801845","69.4511484857257","106.945357657912","86.4390982129107","94.5307447646349","95.7652525907793","96.8603868447739","93.2273236438922","96.1632742399465","90.2675124557402","108.255135901545","92.0638923434588","87.5294576063468","78.6101922659506","72.2197221182806","60.8411918749194","50.5874546121749","26.6447864275611","30.434971731401","25.350441708813","24.8590362138999","38.1298763136538","37.2299988230472","43.1183201527275","40.2590003485294","35.4793945423637","34.9953587772351","36.3671939851117","36.9485082980911","41.3449424897673","41.6647931673792","40.0325737775072","35.8540712601052","",
"Canada","CAN","External debt stocks (% of GNI)","DT.DOD.DECT.GN.ZS","","","","","","","","","","","","","","","","","","","","","","","","","","","","","","","","","","","","","","","","","","","","","","","","","","","","","","","","","","","","","","","","","","",
"Central Europe and the Baltics","CEB","External debt stocks (% of GNI)","DT.DOD.DECT.GN.ZS","","","","","","","","","","","","","","","","","","","","","","","","","","","","","","","","","","","","","","","","","","","","","","","","","","","","","","","","","","","","","","","","","","",
"Switzerland","CHE","External debt stocks (% of GNI)","DT.DOD.DECT.GN.ZS","","","","","","","","","","","","","","","","","","","","","","","","","","","","","","","","","","","","","","","","","","","","","","","","","","","","","","","","","","","","","","","","","","",
"Channel Islands","CHI","External debt stocks (% of GNI)","DT.DOD.DECT.GN.ZS","","","","","","","","","","","","","","","","","","","","","","","","","","","","","","","","","","","","","","","","","","","","","","","","","","","","","","","","","","","","","","","","","","",
"Chile","CHL","External debt stocks (% of GNI)","DT.DOD.DECT.GN.ZS","","","","","","","","","","","","","","","","","","","","","","","","","","","","","","","","","","","","","","","","","","","","","","","","","","","","","","","","","","","","","","","","","","",
"China","CHN","External debt stocks (% of GNI)","DT.DOD.DECT.GN.ZS","","","","","","","","","","","","","","","","","","","","","","2.95619510282004","4.06313035924387","4.14283596435578","4.61907165390756","5.37116765059886","7.87266604270954","12.9318178535631","13.5689411958412","12.8910078963983","15.2545555786247","15.6399885253672","16.9200402998271","19.3190751638254","17.7890656562981","16.2874317424702","15.0729036566378","15.354551130007","14.1318707977253","13.6615840127677","12.0674904520501","13.7974796431789","12.5750011598232","12.3787059052059","12.498797023213","12.4207698558109","11.7149234706927","10.4578919345278","8.22892604529672","8.77227533334717","12.0447325547345","13.8686604058138","13.267674396391","15.3174464256464","16.6392988330873","11.8789197021152","12.4023168814925","13.6631367045646","13.9248882428061","14.5601860956403","15.634535209813","15.0703683293598","13.9317634143876","13.50675136222","13.0007522555005","",
"Cote d'Ivoire","CIV","External debt stocks (% of GNI)","DT.DOD.DECT.GN.ZS","","","","","","","","","","","26.3133582054048","33.9002764927943","32.4019468274356","35.8898941552585","35.8581224167869","39.0238393074887","40.5824628372904","42.3802874668754","50.5285359104642","54.9620207569625","77.0871084654556","102.91459674489","127.535202499901","144.036808339084","134.589300974127","153.422460541012","135.210147721973","147.631839025354","143.427362900929","177.015826405622","187.325824904665","199.243579877126","189.110216791026","197.032522345352","230.722651270129","188.7452168418","173.956416144925","141.861059488963","123.550836840313","112.597871265117","123.827740747421","117.135736116065","107.837610728743","89.5263834060071","89.1088513563425","73.0604016499992","79.7593450880136","73.5408713516321","55.3661564735526","63.5530027715313","48.7687327973699","52.3637452575251","36.8043493917994","32.9959305681881","20.4531343881166","25.4109025665834","24.2006866364198","26.3779718245256","28.4634771423081","33.7779620972679","41.0439427377816","42.1962341583395","46.0823328796999","47.4826411328516","48.8304044647452","",
"Cameroon","CMR","External debt stocks (% of GNI)","DT.DOD.DECT.GN.ZS","","","","","","","","","","","14.3488187849441","16.0909572740332","16.0925687839068","16.2774787828007","17.2472580697334","17.3737053191395","23.8528594562019","42.3501940006111","35.8606590794353","38.949440547201","46.2503240005735","44.4878319733615","45.1545007491751","44.7576536029749","41.0399716162634","38.1909655556407","35.3505279283536","35.6224273298792","39.4702048539866","49.683572703846","55.6769164124174","60.9520954563801","65.9909031820846","49.9773982165978","110.432485969231","106.176483562182","105.330006586243","105.151917778336","104.61017146139","96.8225761748415","105.913054667327","95.0454107435772","87.6048650685293","73.8699983635691","58.925792135495","40.4822044777476","16.5481786368995","13.170789571206","10.3863093253458","11.6371596505369","11.7099774171232","10.2035511971683","13.0860543251885","15.6371849847079","16.1486134651534","22.9906774662358","23.7253706528744","28.3602661682383","28.0621238720245","33.2997557994886","36.8702826869217","34.7277913710517","34.9721858052416","31.8816357267696","31.2876251648885","",
"Congo, Dem. Rep.","COD","External debt stocks (% of GNI)","DT.DOD.DECT.GN.ZS","","","","","","","","","","","7.10779843426909","7.36059206054645","10.9892438239238","13.3223295085448","16.0641543855992","20.0192396486615","30.705690798142","30.3827055446782","29.3757742489763","30.32179721144","33.8302906275761","41.7570092293625","38.4027755625431","49.9063547027945","69.2248252511339","90.4646843014306","90.0209171759704","124.717500181041","105.451405099551","110.400051298861","119.479852343184","140.668039206549","146.920922850359","111.854381263614","239.966596374911","271.222050801126","237.473433654588","216.839805602737","226.404626936831","283.914740300472","63.1258347684285","164.436152353204","119.231451776205","131.254814267591","115.365176044472","93.2527671126825","81.0050605794973","77.3741458273576","66.6160003207659","73.2987319245404","27.5092637679337","20.9235493035013","19.0449274180321","21.0539723864783","17.1527389128536","15.6120482697762","14.3576500658631","14.3225235261773","14.4031639309706","14.7368783009022","17.8637697107175","19.6554775760053","17.1525866553824","18.4990385916912","18.2538680171709","",
"Congo, Rep.","COG","External debt stocks (% of GNI)","DT.DOD.DECT.GN.ZS","","","","","","","","","","","44.310376519051","44.4212186909082","39.119510734432","36.2479555043384","45.7409586403133","48.4101417038327","53.1582400490791","79.5549323749521","94.9981982157164","95.5808244056142","98.8916804948261","79.3909889968394","96.8781135706762","105.275540172346","99.8063392357096","150.258167590804","186.312305123056","183.320222634291","212.443903502828","208.669854808306","211.547831720061","210.038034384271","184.926533096338","235.548618484396","357.48106456542","489.29693142501","358.803248977687","302.956084884058","344.938701452584","305.564484211386","205.005838451741","244.775377673014","229.549295388809","214.305004504064","215.769598558709","124.801399140698","97.768955708561","71.6587564832677","51.2724866619209","56.4002225840262","22.8800991079336","22.6536828087203","21.4224702620134","23.9415104340459","31.4818385866081","54.7879329617986","63.2452493790411","71.3077717450485","50.4895160168294","66.812566750599","72.1017777027496","61.8650496171088","51.9845941753511","47.2286650692878","44.8962409480798","",
"Colombia","COL","External debt stocks (% of GNI)","DT.DOD.DECT.GN.ZS","","","","","","","","","","","33.2661484043413","34.4790470484511","34.9872292339237","32.9246665426703","28.848482294198","30.7960719717275","27.5196077046655","27.3188399959923","23.0627469063807","21.9064964829768","21.5216486861157","24.8589184140075","27.6844229024393","31.0263475775764","33.4644447622084","43.5727445153469","46.945191744535","50.1325001529614","45.9445011470375","45.8507368279778","38.233466133341","36.5740662733225","31.2814134661587","29.8024890744946","27.6999659118892","27.8846116349691","30.7144459884853","30.9377199355586","34.5291474379304","41.0313495533181","35.1307035253078","38.2285357809693","35.2321410584203","40.8305173251463","33.8305465816031","26.4288454610035","24.5225615573863","22.1755705052841","20.0914383123795","23.7976051164425","23.2994559987977","23.7443318388225","22.2297739762115","25.1172990915029","28.2553484044421","39.1551312422504","43.2364464218603","41.1813299968956","40.935302359277","44.0144816213322","58.195276425352","54.5702530730857","55.2901604295775","54.9698144239845","49.2038699846531","",
"Comoros","COM","External debt stocks (% of GNI)","DT.DOD.DECT.GN.ZS","","","","","","","","","","","","","","","","","","","","","20.6611968459308","27.9002305397861","37.3526102242406","44.89588871028","56.9307665515873","68.6330358195343","59.9856282699416","60.4214470655425","56.4049206399959","50.965978666404","43.0911231048001","42.3687148319205","40.7352251629777","40.7129995107022","61.6815864928559","52.2995256358741","55.7241388379468","60.9387842519001","62.1639891016457","60.506452100562","66.0880618704268","64.01136640745","63.6246490862529","53.1575344952079","48.1778567524533","44.2556367979149","42.0985385628614","36.0835654082799","30.2231861194927","31.7186112888939","30.6874148030273","26.97110481785","24.8800044138285","12.7701549227381","11.8528849726538","12.9348443972103","17.1852272690132","16.7806633037462","22.3630009719664","22.5484369313434","24.7631357533658","26.9274940136758","28.1538537874079","26.5476534847055","24.8117198831103","",
"Cabo Verde","CPV","External debt stocks (% of GNI)","DT.DOD.DECT.GN.ZS","","","","","","","","","","","","","","","","","","","","","","28.1274183763042","43.3442646950354","54.4797581754331","59.793901585982","71.0193875839199","60.279904420897","55.1168202105861","46.9153990240135","46.5667940337541","43.2618858141938","41.8162246626864","39.6142534894459","30.0319888710386","43.3045312668364","44.1865711068566","40.7247710946379","42.4065840740003","47.7855002394687","56.3006616029225","60.8757417668506","62.0508060171613","64.0311671711992","55.2618528555334","51.1923988249657","50.8730033274413","49.3282468372477","35.8772938012979","32.7383904262931","40.0472340793016","50.5191117434846","52.7704943299126","87.4461943700545","100.211107068706","95.0517280164041","108.898740758427","102.626920378854","109.265288203302","96.8787144558663","97.4432945234761","136.237789037921","121.406606891511","108.275748298134","98.1389351510193","86.8866144784781","",
"Costa Rica","CRI","External debt stocks (% of GNI)","DT.DOD.DECT.GN.ZS","","","","","","","","","","","","","","","","","","","","","","","","","","","","","","","","","","","","","","","","","","","","","","","","","","","","","","","","","","","","","","","","","","",
"Caribbean small states","CSS","External debt stocks (% of GNI)","DT.DOD.DECT.GN.ZS","","","","","","","","","","","","","","","","","","","","","","","","","","","","","","","","","","","","","","","","","","","","","","","","","","","","","","","","","","","","","","","","","","",
"Cuba","CUB","External debt stocks (% of GNI)","DT.DOD.DECT.GN.ZS","","","","","","","","","","","","","","","","","","","","","","","","","","","","","","","","","","","","","","","","","","","","","","","","","","","","","","","","","","","","","","","","","","",
"Curacao","CUW","External debt stocks (% of GNI)","DT.DOD.DECT.GN.ZS","","","","","","","","","","","","","","","","","","","","","","","","","","","","","","","","","","","","","","","","","","","","","","","","","","","","","","","","","","","","","","","","","","",
"Cayman Islands","CYM","External debt stocks (% of GNI)","DT.DOD.DECT.GN.ZS","","","","","","","","","","","","","","","","","","","","","","","","","","","","","","","","","","","","","","","","","","","","","","","","","","","","","","","","","","","","","","","","","","",
"Cyprus","CYP","External debt stocks (% of GNI)","DT.DOD.DECT.GN.ZS","","","","","","","","","","","","","","","","","","","","","","","","","","","","","","","","","","","","","","","","","","","","","","","","","","","","","","","","","","","","","","","","","","",
"Czechia","CZE","External debt stocks (% of GNI)","DT.DOD.DECT.GN.ZS","","","","","","","","","","","","","","","","","","","","","","","","","","","","","","","","","","","","","","","","","","","","","","","","","","","","","","","","","","","","","","","","","","",
"Germany","DEU","External debt stocks (% of GNI)","DT.DOD.DECT.GN.ZS","","","","","","","","","","","","","","","","","","","","","","","","","","","","","","","","","","","","","","","","","","","","","","","","","","","","","","","","","","","","","","","","","","",
"Djibouti","DJI","External debt stocks (% of GNI)","DT.DOD.DECT.GN.ZS","","","","","","","","","","","","","","","","","","","","","","","","","","","","","","","","42.4187812828448","44.1694557718439","47.5377793715867","50.700086963461","52.9305899383012","56.4719360635592","51.0642721699568","53.2119057027716","49.1563697223289","52.5352242003136","51.2473760774394","59.1529064264454","61.5327461758601","66.8509148498461","66.7501330392416","71.5531617177801","92.9119463966667","81.9170031593552","83.9265785312392","67.0646568443457","61.6657905187845","58.090597298747","40.6920825984022","42.9271673641205","51.2014218463801","67.4162737541098","86.0029214045977","83.7652176445944","85.2277738046756","95.2325058529055","96.2217659599007","87.3175079251638","85.2908177323727","83.8288747209446","",
"Dominica","DMA","External debt stocks (% of GNI)","DT.DOD.DECT.GN.ZS","","","","","","","","","","","","","","","","","","","","","","17.4722404446672","22.8705689625779","39.862932202334","48.1651863343247","50.0662332099883","46.2551760679562","50.4148711336638","45.2158453741776","44.501289626422","46.1769985791011","46.2515723243753","43.0874991033954","41.08324269254","39.3518008932095","40.1468050489154","42.5901968878235","36.7440838000543","37.078238272245","43.8180385822105","62.3247646906989","66.0954033873577","71.6685662277576","88.764556172978","89.4254376321448","81.1686212432127","67.923168545598","62.466480786317","56.4195471120557","54.1640675031358","53.1717332646412","53.7738778090247","59.6636698005409","92.9881017461312","86.6732781205246","88.4015382862575","90.5118431972535","91.9687797677961","80.2709953942802","72.5011521232773","89.4556387167","90.5167936997936","95.7270653249712","89.8840329836928","82.3567303337689","",
"Denmark","DNK","External debt stocks (% of GNI)","DT.DOD.DECT.GN.ZS","","","","","","","","","","","","","","","","","","","","","","","","","","","","","","","","","","","","","","","","","","","","","","","","","","","","","","","","","","","","","","","","","","",
"Dominican Republic","DOM","External debt stocks (% of GNI)","DT.DOD.DECT.GN.ZS","","","","","","","","","","","26.3867777551988","26.4324245974525","23.7283656455034","21.9657896980009","21.4331479575415","20.2865508533941","22.19124924469","26.3838077359956","29.7300417085852","30.3101646346736","31.7757870061672","32.6358158952698","32.423841461071","33.6488687028632","28.3418329476785","75.6212964226831","64.0122235449525","72.5832190741967","80.600860123905","65.2643213815669","66.3517651890198","48.6132117804972","42.2441751021497","40.0299376946578","31.2715140527631","28.5659662724376","25.2030142965021","22.4221171921872","21.5280433370004","22.6579389435977","19.8499881522739","21.2661144675616","25.3024113765895","36.3807929652978","38.1263845810117","22.8845011207424","25.591096522369","25.7234913616157","22.8929904541298","25.4907687635134","26.0220096247191","27.1077571244514","37.9999509426637","40.2090845949178","41.1959833274792","39.2875137980566","39.1307092043539","39.1301705509736","39.1917519544561","41.2514854465295","54.2810818873655","48.6848766873936","44.2344938860299","45.373867511305","45.3336943010045","",
"Algeria","DZA","External debt stocks (% of GNI)","DT.DOD.DECT.GN.ZS","","","","","","","","","","","19.8135783236689","25.0335541712876","22.978768477701","34.6538132964955","25.6199653454103","30.1210428901589","35.1077748698631","53.5265324473659","62.686912912722","58.6776914957195","47.8376163921993","43.3791468645678","40.8151748555655","34.8174199346678","30.5467484494401","32.3808448733969","36.532414860728","37.7023543949299","46.1231065367339","50.8479451586813","47.0954160082156","65.9978064815457","59.6626830026809","54.5167130333748","74.1009926226152","83.5110015824393","75.8227809466898","67.2288983620054","66.4395412050601","60.8481537417071","48.8890707651687","39.3442465001744","38.8345304550744","33.4656619848771","25.3576495100961","16.6719422302137","4.97156533336454","4.35516420323346","3.48348146122863","4.97065344141962","4.08153905024031","2.79540714477209","2.4523641196966","2.32227149466818","2.35485990757709","2.54367171691573","3.04187962008185","3.04068276560909","2.99935858462774","2.89761005806805","3.19351908942954","4.04120760001954","3.23500775227816","2.9975548859142","2.66774817396092","",
"East Asia & Pacific (excluding high income)","EAP","External debt stocks (% of GNI)","DT.DOD.DECT.GN.ZS","","","","","","","","","","","5.8185417718075","6.80540630500418","7.12435708138932","6.69957540334474","7.32975892325358","8.01766733758453","10.0300106405129","10.9821082648812","14.1540387036728","14.6131199404086","15.8880960280467","17.5398777523487","19.5196118631194","20.8011834746704","20.6026663309116","21.6637250173441","25.7470017737862","32.8716702364806","30.6049419492893","32.4120865958076","35.3951073200894","36.9045175770922","36.8113384977936","37.0644634490439","35.6522242940338","34.6681103127432","32.5002915304434","32.9109822215456","36.3933328561454","33.2532126201158","27.9628681424194","26.9135583901759","24.0082830326853","22.4484802083396","21.0452064380344","19.6138826476818","17.2352417944185","15.0741907364464","12.2955210841688","13.0588753632824","15.4889785706254","16.6142638756482","16.5247377960926","18.1964669904333","19.3521773961073","15.2486947992039","15.7175623365763","16.9083106029933","17.0410818985346","17.5706339670945","18.8734873438201","17.9085033158411","16.7146978677594","16.2427602581296","15.7371330576401","",
"Early-demographic dividend","EAR","External debt stocks (% of GNI)","DT.DOD.DECT.GN.ZS","","","","","","","","","","","","","","","","","","","","","","","","","","","","","","","","","","","","","","","","","","","","","","","","","","","","","","","","","","","","","","","","","","",
"East Asia & Pacific","EAS","External debt stocks (% of GNI)","DT.DOD.DECT.GN.ZS","","","","","","","","","","","","","","","","","","","","","","","","","","","","","","","","","","","","","","","","","","","","","","","","","","","","","","","","","","","","","","","","","","",
"Europe & Central Asia (excluding high income)","ECA","External debt stocks (% of GNI)","DT.DOD.DECT.GN.ZS","","","","","","","","","","","","","","","","","","","","","","","","","","","","","","","18.6777147625797","19.4174544836537","22.4301680552336","26.9307424747065","34.9477247495624","34.3447736030844","35.5700943283886","37.0372535485515","35.037016765105","41.8577597055196","46.95706134805","57.4959483235111","55.6314011063896","49.7520128178935","44.4761686995738","39.573987116223","45.0558811886508","46.4064652634033","44.3350645174073","54.7803714380945","51.8772098558653","48.3641361439037","48.9822967953656","50.1889631451308","52.1754831463979","57.4270818846959","60.9821276269324","63.9075165018682","63.8781624087516","63.5055626281332","69.4233768505519","61.8557353658303","58.4415802607101","54.3001610648508","49.2132572809092","",
"Europe & Central Asia","ECS","External debt stocks (% of GNI)","DT.DOD.DECT.GN.ZS","","","","","","","","","","","","","","","","","","","","","","","","","","","","","","","","","","","","","","","","","","","","","","","","","","","","","","","","","","","","","","","","","","",
"Ecuador","ECU","External debt stocks (% of GNI)","DT.DOD.DECT.GN.ZS","","","","","","","","","","","14.1927832794114","15.904505100584","17.0628889685685","15.2008724912424","11.0181858483832","12.947302494577","13.562283310677","22.9517671389724","35.0871154827785","33.6766053246669","35.3771055762135","36.9261227127414","41.2459241144816","47.306133732631","53.1348816605714","54.6461026728311","65.9936754819638","81.9007104347658","91.4592257275628","90.8195094143478","86.6981754415729","78.8925514713889","71.5025105701137","78.1049066512737","83.1739205763006","72.3232199610065","72.1270133139385","67.6746512650172","69.0833455195625","104.210741329627","106.424172888522","81.8056350447042","75.8700823902959","67.744877233119","61.8221393765361","53.0944876560719","46.474573021664","44.0856878116611","31.8666469659836","22.7348481565085","22.9267416497492","20.8128267378918","18.8054980939561","20.0522206650203","24.6905647226746","29.7448712901636","36.9480973788042","40.3243295654818","42.9910183543729","49.6566686043124","60.9453501649796","55.1142076977331","53.1297474306529","52.1063435637108","49.7486298154549","",
"Egypt, Arab Rep.","EGY","External debt stocks (% of GNI)","DT.DOD.DECT.GN.ZS","","","","","","","","","","","22.5819960363635","24.0053461475701","21.1505792166415","19.9670327450675","24.2535733795174","42.4598904207341","49.0006696231608","83.9561674717124","90.8763522071996","87.9319378360204","94.6588242744785","107.849004721611","105.614175648885","103.867585593605","100.875193228431","100.992808918064","106.545019608538","110.561930646971","132.718664506594","116.382132857386","78.8457727674791","86.6419730599405","74.0896473366142","65.4923875025721","62.362127998641","55.3438841620587","46.2968747922495","37.94020848832","37.7513678480621","34.1163848938461","29.1436697781484","28.9819896399422","34.8088896707165","37.9984128219101","39.9656119503054","34.1985013048919","28.7414925057896","26.2922867901955","20.6637689686303","18.7094477594032","17.1484993453553","15.3121406993227","14.6941589979995","16.5588608179564","14.0020767838652","15.4090910799379","21.0959884446522","34.6961018574758","38.8036123837843","37.3486377137165","35.5843178235706","35.4130599251787","35.3832819125992","44.4212432479616","41.9820138564051","",
"Euro area","EMU","External debt stocks (% of GNI)","DT.DOD.DECT.GN.ZS","","","","","","","","","","","","","","","","","","","","","","","","","","","","","","","","","","","","","","","","","","","","","","","","","","","","","","","","","","","","","","","","","","",
"Eritrea","ERI","External debt stocks (% of GNI)","DT.DOD.DECT.GN.ZS","","","","","","","","","","","","","","","","","","","","","","","","","","","","","","","","","","","5.46295142447638","6.26564470890859","6.45729555748973","11.0425793443986","19.4892222324433","39.3318176952354","46.6433325086718","57.7052737075194","74.769965837592","76.2382721016212","69.5074494024492","69.5323374286343","68.4210441854889","68.4132717564279","72.9142760906008","57.0842040753833","66.0762157560823","51.4834999754646","","","","","","","","","","","","","","",
"Spain","ESP","External debt stocks (% of GNI)","DT.DOD.DECT.GN.ZS","","","","","","","","","","","","","","","","","","","","","","","","","","","","","","","","","","","","","","","","","","","","","","","","","","","","","","","","","","","","","","","","","","",
"Estonia","EST","External debt stocks (% of GNI)","DT.DOD.DECT.GN.ZS","","","","","","","","","","","","","","","","","","","","","","","","","","","","","","","","","","","","","","","","","","","","","","","","","","","","","","","","","","","","","","","","","","",
"Ethiopia","ETH","External debt stocks (% of GNI)","DT.DOD.DECT.GN.ZS","","","","","","","","","","","5.57357845194119","6.35533446004659","6.47345118124057","6.33593787300033","6.21083999520218","7.53657737273768","8.1465928526624","8.86242539498445","9.43139215166602","11.2411597259202","11.7345636495071","24.5555758445415","41.5595424862154","43.8541212297215","51.0030356593458","53.8241703618966","61.0593416550934","68.6736679269421","69.4192205722765","67.2417986593804","69.6527794653782","66.5407264361964","87.5085987299979","108.517554911228","143.557895020455","132.448523179158","115.76246726728","115.896271126224","130.372643100574","71.0710622680862","67.4176813772581","70.241995024966","84.0357388903259","85.0919590523141","65.2403771482643","49.9444271988528","14.5710792759199","13.1458504385529","10.512984266129","16.5497677481654","24.4334323010783","26.9969906653902","24.2166657612452","26.4725857260442","30.5557352254075","31.7812582331685","31.5941088728904","32.195990368417","35.572601682596","31.8677861051946","30.2340278652052","28.9101982304795","24.2638688064282","","","",
"European Union","EUU","External debt stocks (% of GNI)","DT.DOD.DECT.GN.ZS","","","","","","","","","","","","","","","","","","","","","","","","","","","","","","","","","","","","","","","","","","","","","","","","","","","","","","","","","","","","","","","","","","",
"Fragile and conflict affected situations","FCS","External debt stocks (% of GNI)","DT.DOD.DECT.GN.ZS","","","","","","","","","","","","","","","","","","","","","","","","","","","","","","","","","","","","","","","","","","","","","","","","","","","","","","","","","","","","","","","","","","",
"Finland","FIN","External debt stocks (% of GNI)","DT.DOD.DECT.GN.ZS","","","","","","","","","","","","","","","","","","","","","","","","","","","","","","","","","","","","","","","","","","","","","","","","","","","","","","","","","","","","","","","","","","",
"Fiji","FJI","External debt stocks (% of GNI)","DT.DOD.DECT.GN.ZS","","","","","","","","","","","5.54235474509805","6.27709188086223","6.78264083624214","11.2332063416136","9.79722554799454","8.87210981680354","9.3539245718666","16.9824775337995","12.52661390545","14.0779713466705","18.2585657331284","22.5704754479089","26.1176765837015","30.3640129809976","27.3578772429153","29.6866693452542","26.4924182624838","31.253651349052","33.8811097347841","27.1985876383006","24.6618702032259","20.9854312846515","17.3658617490529","15.5668730837635","11.3164249180968","9.49830306829391","7.89101585323271","7.70337374582723","10.5391209915157","12.387528905346","11.3660625975357","11.070217211772","11.437632409154","11.2158116445832","9.73804846308163","10.0096413385122","12.6285316523681","12.0485077499855","20.0552324536721","37.3509416651132","36.3986160778447","30.9904143602306","33.5563924605309","32.3053831543382","30.9469812264751","33.9342121657691","30.0766285283704","33.721515797604","31.1861081802427","36.6801001723501","49.3171106565226","61.6073894456185","63.5122590233827","65.2516186494164","71.3867600808353","",
"France","FRA","External debt stocks (% of GNI)","DT.DOD.DECT.GN.ZS","","","","","","","","","","","","","","","","","","","","","","","","","","","","","","","","","","","","","","","","","","","","","","","","","","","","","","","","","","","","","","","","","","",
"Faroe Islands","FRO","External debt stocks (% of GNI)","DT.DOD.DECT.GN.ZS","","","","","","","","","","","","","","","","","","","","","","","","","","","","","","","","","","","","","","","","","","","","","","","","","","","","","","","","","","","","","","","","","","",
"Micronesia, Fed. Sts.","FSM","External debt stocks (% of GNI)","DT.DOD.DECT.GN.ZS","","","","","","","","","","","","","","","","","","","","","","","","","","","","","","","","","","","","","","","","","","","","","","","","","","","","","","","","","","","","","","","","","","",
"Gabon","GAB","External debt stocks (% of GNI)","DT.DOD.DECT.GN.ZS","","","","","","","","","","","33.8007485405981","40.6851785066934","57.1319777649041","59.551875235424","37.2386302067339","44.0320801524435","43.6032365409011","55.5469400773396","69.9538368014946","64.5461977411361","39.2637378339253","32.1301882093204","30.277267949283","29.5477343912407","27.5491548506316","38.9536583474955","61.5632680908069","86.1793504587541","79.9853865724546","84.7811449065493","74.6367490367728","87.0855497345406","79.1559735641729","103.123210338402","113.008897324389","101.614298768865","87.4782826803913","92.8915112039617","111.655488656134","97.8664622639026","91.4060951554922","78.4612185117591","72.4497933882251","65.6666010211137","62.5130970565072","46.173861951464","48.709055106344","48.2969273788531","18.5507363685603","25.2548638328026","23.3479360188722","20.2591426269362","20.9682000950422","30.3496330016414","26.9271691206854","38.9088177850882","41.6453797981868","47.0383134247217","43.7707263168428","47.0071197415292","53.2974117173897","45.9389652789504","41.9837162183193","41.1582185738413","35.9523010976641","",
"United Kingdom","GBR","External debt stocks (% of GNI)","DT.DOD.DECT.GN.ZS","","","","","","","","","","","","","","","","","","","","","","","","","","","","","","","","","","","","","","","","","","","","","","","","","","","","","","","","","","","","","","","","","","",
"Georgia","GEO","External debt stocks (% of GNI)","DT.DOD.DECT.GN.ZS","","","","","","","","","","","","","","","","","","","","","","","","","","","","","","","","","2.1637001941228","21.0496203464884","58.724649003857","48.1849837682768","45.0218422323182","40.2912673571987","43.3241744189588","62.8126318490524","58.9851173597865","58.9445103087218","59.7276370609979","53.7039866892724","44.5575413523862","33.3174467227854","32.5483419859206","29.2582035087212","60.6282124130377","80.8779132869538","71.9941407849804","78.2844595976206","80.8332989234343","79.1305184319396","79.5047029311935","96.5064072108872","107.365205053265","102.048777144568","99.3248254843151","111.32362234557","131.658303183224","124.40340523108","100.312545728071","84.9763847694996","79.6767852223944","",
"Ghana","GHA","External debt stocks (% of GNI)","DT.DOD.DECT.GN.ZS","","","","","","","","","","","26.3548286521456","22.8601193340668","28.8598125111842","25.3457668359307","25.3918597616115","25.8482650767411","25.8911782140784","33.5627602076778","34.9920818456681","32.0001097604167","31.5918398749004","36.55592705624","36.8707133145154","41.4357289817652","44.9782410310569","50.9943862657032","49.3279620496495","67.1132778978896","61.7989664385873","66.2731034175146","67.1825395645799","67.5806484135476","71.4446234130278","83.4370496359906","102.508416556627","93.7533418821525","94.8986674127679","93.9281531264451","95.0735868867058","94.0360761469128","139.443581025134","131.770132028794","126.562832119902","111.158074007368","83.4220114525133","76.2429877949672","29.8321093533139","33.6669797693266","35.2167135896258","49.9435765043797","56.7993406394068","55.9323652551077","59.0969632571457","46.662899214813","55.0300254159213","65.2895144150849","64.6271141908687","58.7440328132317","54.6463726994366","49.8694571261813","56.9614944269336","60.4375749224229","60.022746907535","55.2963757239878","46.9171668170777","",
"Gibraltar","GIB","External debt stocks (% of GNI)","DT.DOD.DECT.GN.ZS","","","","","","","","","","","","","","","","","","","","","","","","","","","","","","","","","","","","","","","","","","","","","","","","","","","","","","","","","","","","","","","","","","",
"Guinea","GIN","External debt stocks (% of GNI)","DT.DOD.DECT.GN.ZS","","","","","","","","","","","11.3503838841693","13.6243923538511","13.5675908036619","13.3595548052764","14.4285863663332","13.9936048686607","13.4319205026857","14.6129537074607","14.1456448325576","14.3304087553281","12.6894461509923","15.4848132016417","12.4721566155497","9.65984726913761","7.40712932071188","6.97649659781326","64.0703233302428","72.5278989629329","67.6033052446698","64.1600478225594","64.9901572298502","60.5085646272782","55.8210570363256","58.9453135805306","62.5944380601787","60.2692760336468","57.7802536059679","64.4703891429978","69.2594520151375","64.5065687760642","71.6750336023485","72.0556909029891","74.0776962322233","66.3808591137098","63.8697735614928","76.9405801305872","75.5314536341388","53.1176167375387","46.504453249205","49.2575735107417","47.7994902944831","48.1825820228774","17.8091159273094","21.0566525770157","21.4938617504049","23.5641048658712","26.1046688793802","23.2615121059829","22.1895160888823","26.5580694165283","29.5290885441345","28.3404260658602","25.0644854877483","25.216937612259","23.1973863712568","",
"Gambia, The","GMB","External debt stocks (% of GNI)","DT.DOD.DECT.GN.ZS","","","","","","","","","","","9.70627175768701","10.0626811957173","12.7965158612046","11.991076260057","12.9089442625199","11.6881220002545","13.6210264616537","27.2073403519572","29.0926366133073","39.7133294507362","57.7232906012614","81.8522547505773","98.7965020919627","106.037500357883","129.093988720336","97.6493800142724","126.111868322856","130.419497942829","119.576039545645","126.365040966448","126.590878575346","57.1737500463434","57.9874396501974","57.8680888878265","58.0644410730087","55.2879449928449","54.3168343231053","54.4501382174974","56.3839941753448","60.0300204115329","65.1187710252049","75.3610617515334","107.058361132109","138.563961047829","72.2098548469304","65.8366506020533","68.9310783848804","55.0960767922269","25.4686488738758","37.3430257494781","35.9332457818132","37.4435207463885","40.8138633096458","43.3066265390408","46.5158787603784","43.5650984373062","42.7715420042373","51.1045782522749","47.3953247273082","47.7568814883079","53.9987549889751","56.6631213557732","54.2711836263851","55.8014567807451","66.3566127091875","",
"Guinea-Bissau","GNB","External debt stocks (% of GNI)","DT.DOD.DECT.GN.ZS","","","","","","","","","","","0","0","0","0","0","2.76575175680063","5.6791122090464","8.81997769548723","16.4614223464956","22.6830582116275","48.7421114343866","37.3078029897931","40.2759859056457","47.2883908126753","71.4934221763568","86.7786707741841","115.596849539212","111.845245268955","139.628236850537","113.778425338955","113.988547297171","118.091984527006","136.412143464854","134.595084935664","145.426436591749","140.331279782394","137.213939119433","135.165073056738","168.751094806696","166.983789423434","251.248486073042","226.233001551958","213.632835978784","195.208850010156","193.795377199445","161.762937452423","166.782449014617","146.348127725956","116.671017279504","126.797115348597","114.577031848083","22.9125497047384","27.2257775195627","28.2817350804669","33.3601215057816","48.9945036240335","47.1676533769771","50.4340592867511","54.7790196614889","55.8395058178772","65.4005295790784","66.3555323065257","67.6697756324479","68.0698341582062","67.1110649067659","",
"Equatorial Guinea","GNQ","External debt stocks (% of GNI)","DT.DOD.DECT.GN.ZS","","","","","","","","","","","","","","","","","","","","","","","","","","","","","","","","","","","","","","","","","","","","","","","","","","","","","","","","","","","","","","","","","","",
"Greece","GRC","External debt stocks (% of GNI)","DT.DOD.DECT.GN.ZS","","","","","","","","","","","","","","","","","","","","","","","","","","","","","","","","","","","","","","","","","","","","","","","","","","","","","","","","","","","","","","","","","","",
"Grenada","GRD","External debt stocks (% of GNI)","DT.DOD.DECT.GN.ZS","","","","","","","","","","","","","","","","","","20.507666048222","22.016986512027","22.2328467325525","19.8098478099267","30.7121762559222","37.8059546546174","45.9613663898473","39.5315040354499","36.7812121084602","35.8786559036007","38.555789955915","39.4427017875836","35.5509599862815","42.4015208623693","42.3660360866754","38.4808770749112","49.5593574438164","41.1828188696067","38.98237571006","40.0241289219918","31.0837482478168","40.7321478676847","30.2606686116468","41.008107669171","49.1967929326181","75.5136419523229","68.2809824219859","80.4605361424936","54.2844725233957","67.5670741702514","67.9595314026293","68.7985429397398","78.5916934485625","76.6738678956156","71.2714646630018","76.9678798728608","71.8366330943862","77.034502464976","68.3974599842701","64.5939766071346","56.0316782598119","55.0909889537565","50.1914195829926","85.8310742683373","87.76200421875","74.4747156466856","74.3776640131301","68.5938767489392","",
"Greenland","GRL","External debt stocks (% of GNI)","DT.DOD.DECT.GN.ZS","","","","","","","","","","","","","","","","","","","","","","","","","","","","","","","","","","","","","","","","","","","","","","","","","","","","","","","","","","","","","","","","","","",
"Guatemala","GTM","External debt stocks (% of GNI)","DT.DOD.DECT.GN.ZS","","","","","","","","","","","10.3389966770286","11.2771115343044","11.3861458384005","11.1105294213716","10.4497835378122","11.08600798905","10.7716524762617","13.6525091231525","15.0317738074119","16.5409737537551","16.2070132808312","16.0623642835188","19.2301316164586","21.5466387411572","26.8370386063752","29.182841856733","41.5472656978455","41.874625124899","35.3266412159294","32.817169273098","39.050588228567","30.8184240659369","27.407822131836","26.1045074016338","24.602283842424","23.0096252713005","22.1049334038056","20.0164947923067","19.2143274955671","21.3826647562342","20.6926966242416","23.9172071636267","22.4939459874726","24.2612615996527","34.9388574093025","36.1483173640737","37.6624981999588","38.7414172351806","36.5016659161851","40.7299655235998","37.9464715886203","35.7260886495098","31.6397645810293","33.7787361141474","34.6352570704241","33.5722481098072","32.694480933325","33.1632636072773","33.7967825028649","32.4627128838456","31.9166412544299","31.2070254165241","27.006781083788","25.0515939026573","24.2444913245727","",
"Guam","GUM","External debt stocks (% of GNI)","DT.DOD.DECT.GN.ZS","","","","","","","","","","","","","","","","","","","","","","","","","","","","","","","","","","","","","","","","","","","","","","","","","","","","","","","","","","","","","","","","","","",
"Guyana","GUY","External debt stocks (% of GNI)","DT.DOD.DECT.GN.ZS","","","","","","","","","","","33.6122468464814","59.3420198447264","57.6535984283486","61.1440211645735","53.7039147581179","68.3207620407102","99.193862619734","124.471004515366","126.985414304713","137.476572556171","150.152336464552","180.537827398031","239.39407627233","298.840692506696","360.479636138602","396.526730331919","399.239704141741","672.795272569206","593.579037399591","647.794163517262","678.666541933303","926.147669727556","726.853728247313","542.660972899983","448.075401127103","395.465857650299","246.042203330247","235.393193848983","223.915440060235","228.953732328087","205.544801270259","200.891119826978","207.135131207836","207.699949182831","181.021935104094","154.001837675739","50.3356533585831","31.2030522063779","32.9024604124027","45.3485394212989","40.8741608589245","54.4987527907138","48.3038503799303","54.8583037353958","56.3732688021319","38.0276869151784","37.0514927234477","33.9104028762005","34.2741140688012","30.0642592506519","28.0820396769287","29.3429534943002","23.2243544064906","21.8831563588237","22.6406371146813","",
"High income","HIC","External debt stocks (% of GNI)","DT.DOD.DECT.GN.ZS","","","","","","","","","","","","","","","","","","","","","","","","","","","","","","","","","","","","","","","","","","","","","","","","","","","","","","","","","","","","","","","","","","",
"Hong Kong SAR, China","HKG","External debt stocks (% of GNI)","DT.DOD.DECT.GN.ZS","","","","","","","","","","","","","","","","","","","","","","","","","","","","","","","","","","","","","","","","","","","","","","","","","","","","","","","","","","","","","","","","","","",
"Honduras","HND","External debt stocks (% of GNI)","DT.DOD.DECT.GN.ZS","","","","","","","","","","","22.605946530554","27.6752725548478","28.5210215175134","29.1183625704502","34.4256079040157","41.1915319908676","34.3143100354384","52.3081898627988","34.1029406082235","37.4322580594101","41.3319196719012","46.5118796726886","48.087490300482","51.9422909249829","50.9124629410226","56.153273764833","56.6751140815998","57.4468685759014","60.5555909439837","67.4565494454995","82.1377124064093","79.7726885332573","86.2066347235239","94.3685887183436","108.351315089535","96.5940860119779","96.9876996467572","89.5034218052692","82.8493282493529","89.3163803016224","80.6554845497644","69.7921382903021","72.6403855854571","71.9368337307953","73.7515862582538","55.5937285451712","38.3984535094167","25.1702772715619","26.102311013799","26.8273490839398","26.524712211213","26.3554567663789","29.4906361899387","39.9591411254451","40.5914778097745","39.0515285428205","37.7338916975663","40.2844747508143","41.3908385401193","42.5213273366261","51.0458945962595","48.5334269951285","43.7024878510223","40.7591366324123","41.8233168617746","",
"Heavily indebted poor countries (HIPC)","HPC","External debt stocks (% of GNI)","DT.DOD.DECT.GN.ZS","","","","","","","","","","","","","","","","","","","","","","","","","","","","","","","","","","","","","","","","","","","","","","","","","","","","","","","","","","","","","","","","","","",
"Croatia","HRV","External debt stocks (% of GNI)","DT.DOD.DECT.GN.ZS","","","","","","","","","","","","","","","","","","","","","","","","","","","","","","","","","","","","","","","","","","","","","","","","","","","","","","","","","","","","","","","","","","",
"Haiti","HTI","External debt stocks (% of GNI)","DT.DOD.DECT.GN.ZS","","","","","","","","","","","","","","","","","","","","","27.9413319313618","34.1046286877532","41.7668717144462","40.0446875627504","40.6846829334757","39.3438256712739","33.6131043224342","44.676575007008","33.9073952658656","31.7013018838035","30.5060709372417","23.2928274606344","36.9806993941287","45.2883757801036","35.0085849401126","29.6845256176047","31.6474069205418","31.9947444094875","28.6315891379975","29.3816929265661","17.7112984323145","20.1030327930922","20.5282902219728","26.9078477326973","21.7639098174914","19.2398763580262","19.9450764434324","18.52971339461","20.0335657468631","13.4053197646888","8.79534948788437","6.50680060416255","9.19437070390758","11.3124815894621","13.7807009097029","15.0430551793435","16.2992778753774","15.6254522320872","15.0114334393077","16.3969366022709","18.0192858439023","14.2102920782731","14.6236280368537","15.8980315138596","3.74484478267583","",
"Hungary","HUN","External debt stocks (% of GNI)","DT.DOD.DECT.GN.ZS","","","","","","","","","","","","","","","","","","","","","","","","","","","","","","","","","","","","","","","","","","","","","","","","","","","","","","","","","","","","","","","","","","",
"IBRD only","IBD","External debt stocks (% of GNI)","DT.DOD.DECT.GN.ZS","","","","","","","","","","","","","","","","","","","","","","","","","","","","","","","","","","","","","","","","","","","","","","","","","","","","","","","","","","","","","","","","","","",
"IDA & IBRD total","IBT","External debt stocks (% of GNI)","DT.DOD.DECT.GN.ZS","","","","","","","","","","","","","","","","","","","","","","","","","","","","","","","","","","","","","","","","","","","","","","","","","","","","","","","","","","","","","","","","","","",
"IDA total","IDA","External debt stocks (% of GNI)","DT.DOD.DECT.GN.ZS","","","","","","","","","","","","","","","","","","","","","","","","","","","","","","","","","","","","","","","","","","","","","","","","","","","","","","","","","","","","","","","","","","",
"IDA blend","IDB","External debt stocks (% of GNI)","DT.DOD.DECT.GN.ZS","","","","","","","","","","","","","","","","","","","","","","","","","","","","","","","","","","","","","","","","","","","","","","","","","","","","","","","","","","","","","","","","","","",
"Indonesia","IDN","External debt stocks (% of GNI)","DT.DOD.DECT.GN.ZS","","","","","","","","","","","38.083049136155","51.0942386838998","54.7919090648387","46.3662928059069","37.0249895993295","39.4777111088792","38.672216575513","37.2856147389538","36.4596077384904","37.9938855602489","30.2238440480183","27.5988445839464","28.8229304366136","39.0776091183619","39.6396848181029","44.9114293210083","55.9616253357557","72.6844622815747","67.4038558797255","66.0586017198744","69.2097820289503","71.6253896554606","72.1827292070828","58.6589656180412","62.6316042166298","63.4083656403461","58.2997070519768","65.0972744894654","168.197820298444","117.372155084583","93.4911161187874","85.8981488426231","67.6712950758861","59.5235915692802","56.3318184494941","52.2624366052956","38.9556674021265","35.6690596510526","32.0905086784049","34.45488447984","26.9770756416871","25.2959557496368","28.3221912785509","29.7818700830084","33.981834153142","36.9878652515237","35.3699048723645","35.9645370946451","37.5639689128338","37.0829978168899","40.4899520829926","36.1990816015577","30.8527352858338","29.935375315129","30.9729980083421","",
"IDA only","IDX","External debt stocks (% of GNI)","DT.DOD.DECT.GN.ZS","","","","","","","","","","","12.3826264329836","14.9516870339789","15.8688635632284","17.1642042837878","18.317058574058","18.9277733290193","23.4545345786067","28.3193146537446","30.1076325953318","31.635214034123","35.4576826423765","40.0348998922067","45.006449280094","50.2720209003526","52.1018815599852","58.9530225778541","72.2164986587656","83.301196976394","81.5152459735543","82.6185015971234","80.0182746816874","79.6063581054998","94.7187945026777","93.7761556967583","101.779910013588","100.084252834808","92.0610143414169","84.8400716645469","86.8356714617671","82.4964323773889","73.1874255395623","71.883993207159","71.6580388648486","67.1694115564568","61.0568592566702","47.8341289486708","36.4559144536685","33.8016017287925","30.1147560152693","33.0390262254355","30.4466523446161","29.5783188530803","32.8851475459324","34.8885437670154","34.9800537487329","37.5558775096086","37.5721572544682","39.203970085771","39.457026703078","40.1083535355912","43.8910306485386","43.8000597099336","41.8812853763968","40.8391129473624","","",
"Isle of Man","IMN","External debt stocks (% of GNI)","DT.DOD.DECT.GN.ZS","","","","","","","","","","","","","","","","","","","","","","","","","","","","","","","","","","","","","","","","","","","","","","","","","","","","","","","","","","","","","","","","","","",
"India","IND","External debt stocks (% of GNI)","DT.DOD.DECT.GN.ZS","","","","","","","","","","","13.5793083177093","13.9317391661706","14.1110163209039","12.8852634101498","12.8042873602095","14.122768871107","14.2367669213093","12.7168401804502","12.0487069306426","11.8747907376173","11.0959139435883","11.6154387844499","13.4675820923942","14.1016587725392","15.5309114795427","16.8298476091414","18.1397801866249","19.2859862568476","20.2016135814387","25.1949473573329","26.3503860119686","31.8999260564656","30.9287372170104","33.157477335464","30.2990427010044","26.3321749588569","24.1426536681275","22.8125471917776","23.5364642994774","21.9170329671142","21.8228803066691","20.6760979408451","20.6731997171964","19.7091758741244","17.5588240572864","14.8800140528443","17.0996791242773","16.8414102457773","19.0572058938661","19.2155611185983","17.520327243228","18.5055609944676","21.7351878662519","23.3008757774803","22.7049198417658","23.0297689509967","20.0812235448632","19.5049373712632","19.4905310721105","19.9766366353145","21.4094740100862","19.5524130311129","18.6518069060743","18.0442974446192","18.5795533694083","",
"Not classified","INX","External debt stocks (% of GNI)","DT.DOD.DECT.GN.ZS","","","","","","","","","","","","","","","","","","","","","","","","","","","","","","","","","","","","","","","","","","","","","","","","","","","","","","","","","","","","","","","","","","",
"Ireland","IRL","External debt stocks (% of GNI)","DT.DOD.DECT.GN.ZS","","","","","","","","","","","","","","","","","","","","","","","","","","","","","","","","","","","","","","","","","","","","","","","","","","","","","","","","","","","","","","","","","","",
"Iran, Islamic Rep.","IRN","External debt stocks (% of GNI)","DT.DOD.DECT.GN.ZS","","","","","","","","","","","","","","","","","","","","","4.84980976823162","3.91473673625861","6.54341805402221","4.50829749761741","3.17138714331605","3.34236025731021","2.76896443677277","4.59202130498213","4.75144941360619","5.41982936719314","7.23479851404622","8.62088320981762","13.4141302285499","36.687006487121","30.4723885700927","22.6019118091039","13.9204231887215","10.2904236640195","11.1993804414726","8.53677578435986","8.01538330547552","6.51131335549761","6.92658410154237","9.35332174710251","11.1765009657575","9.5267245502464","7.71290041746767","5.94087508699143","3.93382531374227","4.49584531159985","4.05805118001816","2.74169060239135","1.15421603802317","1.39260534305275","1.25206746599556","1.57653508272573","1.31827151241227","1.39231179104553","1.43997047778518","1.45553662774804","2.07575442854437","2.69987581539856","2.40236604365308","2.45280776346942","2.21280566524888","",
"Iraq","IRQ","External debt stocks (% of GNI)","DT.DOD.DECT.GN.ZS","","","","","","","","","","","","","","","","","","","","","","","","","","","","","","","","","","","","","","","","","","","","","","","","","","","","","","","","11.579236426727","14.1379782009615","15.1156613914556","12.3208283081304","11.8236722126954","14.7009987283311","12.2142568885482","7.93319206853994","7.52940734720434","6.22639916968424","",
"Iceland","ISL","External debt stocks (% of GNI)","DT.DOD.DECT.GN.ZS","","","","","","","","","","","","","","","","","","","","","","","","","","","","","","","","","","","","","","","","","","","","","","","","","","","","","","","","","","","","","","","","","","",
"Israel","ISR","External debt stocks (% of GNI)","DT.DOD.DECT.GN.ZS","","","","","","","","","","","","","","","","","","","","","","","","","","","","","","","","","","","","","","","","","","","","","","","","","","","","","","","","","","","","","","","","","","",
"Italy","ITA","External debt stocks (% of GNI)","DT.DOD.DECT.GN.ZS","","","","","","","","","","","","","","","","","","","","","","","","","","","","","","","","","","","","","","","","","","","","","","","","","","","","","","","","","","","","","","","","","","",
"Jamaica","JAM","External debt stocks (% of GNI)","DT.DOD.DECT.GN.ZS","","","","","","","","","","","73.0811399348691","70.1260317197524","57.0029769427944","64.9724396798111","59.6657152757339","56.593802979396","50.748745658041","53.8126390258865","57.6771579262006","76.4158844135494","78.3591761981349","82.9294078665692","92.395697758944","100.834960355218","172.581938844134","228.194650581889","172.509753270148","162.073768963682","132.625334990362","114.930532919119","114.95539982559","125.769489704211","142.879068047908","84.2543165004906","91.0548596544631","74.3667921015186","57.1220190077936","47.0954598826181","46.5303912856095","47.0842944218259","55.7033866678798","62.5560766521547","61.4609641126005","64.5708326458118","67.939029884059","62.3663382293379","71.4504772989188","86.7026309227411","79.3767088431006","97.0695941454396","111.477878300425","102.594960387927","97.533634321443","92.5263767855286","103.505518206473","102.233103966178","103.886277698998","101.365415520473","115.828374040562","93.9919706948192","108.469244687444","112.623465618435","94.4321571697853","80.4588971641398","76.0700580586773","",
"Jordan","JOR","External debt stocks (% of GNI)","DT.DOD.DECT.GN.ZS","","","","","","","","","","","18.0915209237903","22.1281764703147","22.5592471356008","22.2851560498737","22.0848124263501","24.3890444994346","25.2233309026393","37.5439455799045","42.2523491557703","42.8625175009503","47.3133155545964","48.9055403922744","55.4777014217415","60.8368272471587","66.8715453390834","80.4057641288417","77.2809849387196","95.8085156914049","99.1333946674687","181.691007877964","211.223418649428","243.603960084647","160.533224988594","144.070329526269","127.554052364155","118.783202123083","111.367141017405","103.929126146715","97.2557012859487","101.384262064357","129.218123009942","130.076903135917","134.858416337977","120.987761153873","110.353717573538","98.7666113352152","89.3343301813528","84.0345273140491","59.8991464158498","57.2775695624817","62.7590806656665","59.7339174529003","58.5598260044692","67.4266385860852","66.2217873926144","67.0927641139484","68.4833967118955","72.5857469158017","73.9512312696322","75.2477556467505","87.2903094132487","90.649566277089","85.3105835968273","87.8712529400758","90.1349716229773","",
"Japan","JPN","External debt stocks (% of GNI)","DT.DOD.DECT.GN.ZS","","","","","","","","","","","","","","","","","","","","","","","","","","","","","","","","","","","","","","","","","","","","","","","","","","","","","","","","","","","","","","","","","","",
"Kazakhstan","KAZ","External debt stocks (% of GNI)","DT.DOD.DECT.GN.ZS","","","","","","","","","","","","","","","","","","","","","","","","","","","","","","","","","","7.39492238559103","13.1868044954173","18.5351082484006","14.0343192466923","18.6544954693959","27.8179231674622","40.4455503446454","75.148132695024","72.8453466170761","77.9528010154769","79.4635418241711","82.1972455699714","85.0559410630998","103.886110915605","104.718369407138","93.5758909579848","106.657658372815","92.6005686097178","75.4058752094542","75.5060611702048","71.8109289830663","80.6316289334986","90.3781219318061","134.847682725523","109.692413392467","102.472812128434","107.373342903391","110.819683629583","100.270147736422","84.7932235856559","72.9017800635209","62.6029318152699","",
"Kenya","KEN","External debt stocks (% of GNI)","DT.DOD.DECT.GN.ZS","","","","","","","","","","","30.2134271554139","28.3895914556907","28.0316349701609","35.0993582866759","40.1784240980905","40.7469069592203","44.8106980780034","38.2574376042915","42.4872754343138","45.2755085799055","48.0846743344258","48.617749779006","54.5202586895828","62.6776770710645","58.6460080249907","70.5628300352915","65.7700077293464","75.2014289517671","72.3341012604124","73.2584771301599","85.9692823704326","95.8287706134185","87.8233129467514","131.899672456245","104.989738995445","83.7618607478318","57.6458704752809","49.9477374885962","48.8621957249724","51.2837287259863","48.8816816711472","42.8030792314832","46.7971661071858","45.5616989858586","43.3540299808694","34.7059410831863","26.0902560577936","23.8155904871498","21.4473704486947","23.2191740274624","22.2953111640431","23.9314455090232","23.5760157767792","25.277644789086","27.916456980179","31.3058278228131","28.5315668521598","33.4901470475528","34.6140434138868","35.4042862038635","38.0454096339675","38.1042168095825","36.8769031537885","40.4232521954815","34.992669732423","",
"Kyrgyz Republic","KGZ","External debt stocks (% of GNI)","DT.DOD.DECT.GN.ZS","","","","","","","","","","","","","","","","","","","","","","","","","","","","","","","","","0.238729319467962","14.4572020838191","27.1025468302634","37.5820164667689","63.5839722001378","78.7280389404575","96.0620695374272","157.626371382984","150.487956730821","124.409089324724","126.466715101522","115.690013435844","121.400576320591","95.1289910008908","93.1834816644595","76.7242289581745","73.5437727684918","91.3533289075321","91.7410935375773","99.1762629048855","93.7846806920141","98.5990223853721","101.757857315114","120.298263428398","123.520841603547","110.883039410088","101.791028770854","98.3979993938565","108.254915900414","105.027564630253","82.1427748417892","67.8468389010041","69.2449937236268","",
"Cambodia","KHM","External debt stocks (% of GNI)","DT.DOD.DECT.GN.ZS","","","","","","","","","","","","","","","","","","","","","","25.7356175397917","24.2411009448789","22.3397204686236","20.5510797893285","19.0345383563216","20.4953435239196","23.532071334388","14.5922688456849","24.043631514839","24.2231432533654","105.968166258561","86.1527024938329","66.7556137087756","63.5822374754583","54.84544414326","56.0202297061678","56.7465771728098","65.2903833870427","60.4406256541795","58.9890200594618","54.4127011258918","55.4364307675912","55.0680862607405","50.9863394730641","43.2899682938907","37.766117598302","22.9377892017391","22.5419434998511","27.4111258405771","29.9079298562711","30.0346821119454","39.3601562466476","40.1421051269754","39.412843059426","40.7230142466134","39.453958463476","40.5247372404151","42.5790223236554","43.8420604692945","52.1880996073284","56.7989386581107","58.4582111650594","54.4507094975883","46.1114046291379","",
"Kiribati","KIR","External debt stocks (% of GNI)","DT.DOD.DECT.GN.ZS","","","","","","","","","","","","","","","","","","","","","","","","","","","","","","","","","","","","","","","","","","","","","","","","","","","","","","","","","","","","","","","","","","",
"St. Kitts and Nevis","KNA","External debt stocks (% of GNI)","DT.DOD.DECT.GN.ZS","","","","","","","","","","","","","","","","","","","","","","","","","","","","","","","","","","","","","","","","","","","","","","","","","","","","","","","","","","","","","","","","","","",
"Korea, Rep.","KOR","External debt stocks (% of GNI)","DT.DOD.DECT.GN.ZS","","","","","","","","","","","","","","","","","","","","","","","","","","","","","","","","","","","","","","","","","","","","","","","","","","","","","","","","","","","","","","","","","","",
"Kuwait","KWT","External debt stocks (% of GNI)","DT.DOD.DECT.GN.ZS","","","","","","","","","","","","","","","","","","","","","","","","","","","","","","","","","","","","","","","","","","","","","","","","","","","","","","","","","","","","","","","","","","",
"Latin America & Caribbean (excluding high income)","LAC","External debt stocks (% of GNI)","DT.DOD.DECT.GN.ZS","","","","","","","","","","","21.0584662994919","21.0840507482069","22.4415428127347","20.2054841868518","19.900847227778","22.4540405336882","24.9290171267964","29.4253126595721","29.1667443751744","31.221819212424","31.9171802587892","33.9012588339734","42.664982109385","52.9500275684538","51.2747451901064","54.4476709894615","56.7430676779305","56.7951141748992","49.8122099248803","42.8861116589572","42.0360002915151","40.0464280289673","37.5213147279906","33.901864465093","31.4462772689616","33.3425325150415","31.5846189662843","30.4991007518775","34.5252789834729","41.0031840258957","36.3655679841387","38.2598540489905","42.1258150965717","43.6891959529164","38.9129746256084","29.512320315051","25.1754532091431","24.0096846729756","21.8186512839521","24.5620292561395","23.1774712326304","22.3540936022254","25.3661946881492","27.5646395791459","30.3538581672355","36.4126260566343","38.4841275040392","36.4617584688747","40.217664562323","41.7660679376554","49.7393827140755","43.9734750623548","38.5812850501165","35.434207174919","34.4971098134681","",
"Lao PDR","LAO","External debt stocks (% of GNI)","DT.DOD.DECT.GN.ZS","","","","","","","","","","","","","","","","","","","","","","","","","29.6442100962677","26.2545787529157","49.0149625670364","107.056633714452","221.728163401417","206.439767204897","204.322713112016","182.195597725916","169.999428931897","149.630603542765","134.351263898427","122.800653248717","120.976222210959","136.453435804827","197.826462435573","178.816116079389","152.434338096078","149.169270500604","183.229264533177","127.831435110767","122.797728173317","116.229622636213","110.78425152654","117.627795477078","104.977445749086","108.962711915111","95.0325837576076","84.2580581799268","75.2648139935419","70.3766803245105","74.2873303911514","83.3437474242682","88.8346384248363","93.2218114749206","91.9320039908858","107.830507207668","114.458438862839","105.390103058838","129.23155614525","122.953016783805","115.404417712173","",
"Lebanon","LBN","External debt stocks (% of GNI)","DT.DOD.DECT.GN.ZS","","","","","","","","","","","","","","","","","","","","","","","","","","","","","","30.255958580188","51.6370849400757","32.6127858668492","29.8060051707111","16.6745765190517","21.4257667073666","24.3683617733011","28.5273201309439","31.6972574505392","40.0908550767845","48.2587426439157","57.305256504156","77.0617647435833","95.7733438384402","113.624263035756","112.084690571295","106.984723089785","109.252730343138","101.384837888025","148.932157399562","131.15420398172","126.083961601732","125.151296416081","127.212482591364","133.127238280872","135.672761134402","138.063603594415","138.137224788322","140.460273460979","148.119523422157","146.775884819801","224.448215097537","315.096531734783","332.863673499917","331.649550570327","","",
"Liberia","LBR","External debt stocks (% of GNI)","DT.DOD.DECT.GN.ZS","","","","","","","","","","","45.6677872002012","43.2342648605716","39.034543536894","36.8995420999071","29.8522158507796","28.020560523745","31.1339171576185","38.1355978099495","53.7425075385766","64.0599097632646","71.1268976161655","85.8327195125216","96.4116029714983","104.566426410284","117.641407518","131.550163036977","177.352606485776","199.79626130311","182.666557153757","181.633849173189","390.234263684485","457.213231735881","708.487698351606","1014.74892690101","1302.70348135048","1343.26996200325","1106.17543320576","647.454584182161","561.677499744511","555.163591633938","367.107730688584","405.065965604016","431.582447676914","610.451857796697","528.599561010111","497.930342959329","433.48381412449","309.974366604395","201.789268647855","113.975572094097","23.0315492154157","19.7309626197103","19.257770781185","18.4677287994045","23.5656809979216","28.4136467346258","30.4733641631046","36.2106821833637","38.7612158305833","42.699944211321","50.5491696677525","56.0896971198786","51.2373491161268","51.1452722006315","50.457044003161","",
"Libya","LBY","External debt stocks (% of GNI)","DT.DOD.DECT.GN.ZS","","","","","","","","","","","","","","","","","","","","","","","","","","","","","","","","","","","","","","","","","","","","","","","","","","","","","","","","","","","","","","","","","","",
"St. Lucia","LCA","External debt stocks (% of GNI)","DT.DOD.DECT.GN.ZS","","","","","","","","","","","","","","","","","","","","","","8.46862216281709","9.95025974845848","10.169284407742","8.49765206139461","8.59333767077302","9.85815135061639","13.1257278720552","14.2524308497734","14.3390379977736","15.1846289212506","14.9423273236571","16.0157752206284","16.3962202027987","17.6608901084202","18.7647199751165","19.8758143957012","21.0592590220424","23.360333273044","22.6153475279938","25.5648122961486","30.5749566895284","33.9524836021099","36.1719322582185","36.3558580820767","39.7712967737143","30.9513783346563","37.9316581118115","61.3440076757652","32.3527651548467","40.5310581379449","29.4366681321022","27.7283173611782","30.6756885750178","32.6811091783269","31.9758602206883","30.9277967295805","33.0566560930955","31.4243884410508","32.4288194290613","50.1298285485496","49.4979622938264","42.4693356100406","48.6881101506005","51.3109697332727","",
"Latin America & Caribbean","LCN","External debt stocks (% of GNI)","DT.DOD.DECT.GN.ZS","","","","","","","","","","","","","","","","","","","","","","","","","","","","","","","","","","","","","","","","","","","","","","","","","","","","","","","","","","","","","","","","","","",
"Least developed countries: UN classification","LDC","External debt stocks (% of GNI)","DT.DOD.DECT.GN.ZS","","","","","","","","","","","","","","","","","","","","","","","","","","","","","","","","","","","","","","","","","","","","","","","","","","","","","","","","","","","","","","","","","","",
"Low income","LIC","External debt stocks (% of GNI)","DT.DOD.DECT.GN.ZS","","","","","","","","","","","11.3255914556167","11.6286331006903","12.5704198591918","13.3661373858204","15.3512202853921","16.6056092795507","19.0177509050165","22.9428245312177","24.4611973023677","27.3042392717176","31.0705895537208","37.0973687160972","42.9219647871806","50.3090950982484","55.4384218213944","68.7120495131096","75.679943255274","87.702833953714","84.4073104727767","82.9383742886552","74.0855522712109","72.9867665970865","103.027094729903","97.847768658569","111.903085805251","126.188799885256","128.53181148032","116.406498159308","123.364386404884","114.557486546856","90.7090621025106","91.7505482511975","86.4162823755059","82.3129414968771","70.8567961499417","49.592312184193","35.3902636462924","31.7877756464481","27.2442729263135","29.2450702961545","26.5380057190073","25.2984821911581","29.8028174055184","35.6857393108631","35.8073635012656","38.6544846577994","42.6607874615896","44.8977702542742","45.9417716786763","45.7425747904909","50.8589424502954","50.4765368142368","44.1198156172448","44.9700266695937","42.2281984161359","",
"Liechtenstein","LIE","External debt stocks (% of GNI)","DT.DOD.DECT.GN.ZS","","","","","","","","","","","","","","","","","","","","","","","","","","","","","","","","","","","","","","","","","","","","","","","","","","","","","","","","","","","","","","","","","","",
"Sri Lanka","LKA","External debt stocks (% of GNI)","DT.DOD.DECT.GN.ZS","","","","","","","","","","","20.3380412072807","24.1053632416627","23.5687972455562","24.0841227416587","24.2623101024114","24.2731036694864","30.8116211932695","32.3978131411121","55.239802911351","46.5153793025855","45.4625321322802","51.047289679767","54.6315804676555","56.2141476039222","51.071026016184","59.5398711145299","64.0703235761263","71.4561180589801","74.8384075361474","74.760172800078","73.5872565959264","73.7268450236287","66.8956678114915","66.7574792822412","68.3569867524136","65.2863193370948","60.566993976522","54.3409428816746","58.2638122368145","64.6786441247241","57.7533288076129","57.8751303065509","62.1603882135227","57.3262074199874","56.7045793171603","46.8753052051031","42.4995102864864","44.2579988597844","41.0645558757827","46.9067288289757","37.3743097647659","38.4422070940857","51.6165842309571","52.2481960961188","52.3589316985507","52.8797914705966","54.3824177664107","55.1482519976375","57.4892865658485","64.8548435072259","69.3131980107832","67.8564357341891","81.2809065665702","74.5886504230503","58.8897020425324","",
"Lower middle income","LMC","External debt stocks (% of GNI)","DT.DOD.DECT.GN.ZS","","","","","","","","","","","15.9729530309735","17.2130827984132","17.5648612701623","17.4770913869866","17.1813667373975","19.169055648905","21.8831628984154","25.7817301798195","27.1058164885528","27.43457415","28.2829673593356","30.7141116114652","34.1425142499056","36.7051302676952","38.2762392266167","41.0309597352803","45.0188773465611","48.1620007366557","47.1980376777105","52.3318484335162","52.4749797417171","57.0048524901918","54.6293171937726","55.6675153884709","53.8932520259981","48.5802368766381","43.6967942957145","41.1589375449247","42.668785545004","40.980354284614","38.151946455245","37.4616652718219","38.3982828004315","36.5459051652256","33.3130366086792","27.5872852655509","24.580015072486","22.8432914787057","23.2080125729261","24.7435520520914","23.2947387568814","23.2475020831607","24.7546468981884","25.8695574265044","25.4650428938451","27.0057476518159","26.7822520458343","28.1903844245341","28.5051075438692","29.38729724793","32.5635693891925","31.2152134039203","29.9931909314284","30.4940215870862","30.0913664832912","",
"Low & middle income","LMY","External debt stocks (% of GNI)","DT.DOD.DECT.GN.ZS","","","","","","","","","","","13.003582977272","13.9099289940048","14.3853487165917","13.6762893373857","13.4928728633895","14.8085423242945","16.7734978237452","19.8040805827767","21.7395040179351","22.1044830129521","23.3757378830559","25.2949277598984","29.0539623767158","31.6938801855964","31.6659947492863","33.731863944096","36.1396711326475","40.5744933341777","38.1373365604531","36.953279700168","35.3758369341886","38.4327643214364","38.1262045554558","38.2216068355352","37.8662772739968","37.283385549345","34.8765318346164","33.7673380536352","36.5126039820627","37.7255803946782","34.0745143971323","34.4871119182124","34.8088107569079","33.4988615554398","30.8390791699072","25.65853604354","23.1518408750979","21.7956637821803","19.5671047756879","21.1681387064024","21.292508536118","20.9770446692214","21.9327742647527","23.646949284657","24.6585563399897","23.7653438304597","24.3934259645952","25.0834071114448","25.3059919098218","25.9470008137403","28.2170275508181","25.8318241024734","24.3323717225517","24.0126062024922","23.4026934977111","",
"Lesotho","LSO","External debt stocks (% of GNI)","DT.DOD.DECT.GN.ZS","","","","","","","","","","","9.17970529936708","8.7908559345577","8.79669942052778","5.03728879482224","4.24345546881734","5.61416072002293","5.66038190630092","6.85111292439171","7.65221099990023","10.5458413965581","10.3549587319043","11.6495788978452","17.5634246688437","16.7255867624447","20.7394774532826","34.9427875812757","33.6276602909967","34.9997904608628","35.4386295748025","40.2601557525868","41.3247523005544","41.4388183096375","40.7998959739558","46.4511648160931","51.5573454870473","51.1041039479169","55.3598046402899","50.9168398308987","57.7320789603099","57.4996215177329","68.0824704093267","57.301673167109","63.4369205822665","42.6476037328897","37.3121483848754","30.5163405854888","29.3057848468101","29.2370221953251","29.2593849086732","33.4280167854159","27.4384612861811","26.3385185030518","31.2593634380508","34.0219300417939","33.5371164978444","36.0951584026764","56.5717759737007","57.4106195232648","48.0945365684483","55.5086365768084","71.1626094449749","65.1532610232936","63.9955181858327","68.921116233095","65.3503315479921","",
"Late-demographic dividend","LTE","External debt stocks (% of GNI)","DT.DOD.DECT.GN.ZS","","","","","","","","","","","","","","","","","","","","","","","","","","","","","","","","","","","","","","","","","","","","","","","","","","","","","","","","","","","","","","","","","","",
"Lithuania","LTU","External debt stocks (% of GNI)","DT.DOD.DECT.GN.ZS","","","","","","","","","","","","","","","","","","","","","","","","","","","","","","","","","","","","","","","","","","","","","","","","","","","","","","","","","","","","","","","","","","",
"Luxembourg","LUX","External debt stocks (% of GNI)","DT.DOD.DECT.GN.ZS","","","","","","","","","","","","","","","","","","","","","","","","","","","","","","","","","","","","","","","","","","","","","","","","","","","","","","","","","","","","","","","","","","",
"Latvia","LVA","External debt stocks (% of GNI)","DT.DOD.DECT.GN.ZS","","","","","","","","","","","","","","","","","","","","","","","","","","","","","","","","","","","","","","","","","","","","","","","","","","","","","","","","","","","","","","","","","","",
"Macao SAR, China","MAC","External debt stocks (% of GNI)","DT.DOD.DECT.GN.ZS","","","","","","","","","","","","","","","","","","","","","","","","","","","","","","","","","","","","","","","","","","","","","","","","","","","","","","","","","","","","","","","","","","",
"St. Martin (French part)","MAF","External debt stocks (% of GNI)","DT.DOD.DECT.GN.ZS","","","","","","","","","","","","","","","","","","","","","","","","","","","","","","","","","","","","","","","","","","","","","","","","","","","","","","","","","","","","","","","","","","",
"Morocco","MAR","External debt stocks (% of GNI)","DT.DOD.DECT.GN.ZS","","","","","","","","","","","24.9679761230051","26.0583941988657","23.5450545680684","20.8164890598557","19.8407839070759","29.7833034144707","35.3873564231565","51.3004902588271","53.1165414598728","52.5408014313366","45.6871772702329","61.471906601675","72.6626157938869","83.0789571146745","96.8172081502621","111.908608381782","94.4244253611594","99.2584836343989","85.2046262234568","87.5084911836935","85.3602013442382","71.9059154337748","69.1942915603677","72.2417605832931","66.4544213994958","62.9224746128181","57.5439844112673","61.5664349161113","51.7813131611264","50.707511206475","49.2500404004641","43.9098787026744","39.0742288357434","32.0645072187951","26.1403643673371","23.8425860115727","23.9075059923801","23.9949101161777","20.7266073538964","24.8154251765531","27.462969464641","27.6980798517634","32.3240509195629","34.502888034062","37.1250189916679","41.0525743321797","43.4727961452493","44.0032096192297","40.4114034285646","43.5343377341004","54.9196081945346","46.8983264543197","50.35106931617","48.9147951964991","44.7188367863758","",
"Monaco","MCO","External debt stocks (% of GNI)","DT.DOD.DECT.GN.ZS","","","","","","","","","","","","","","","","","","","","","","","","","","","","","","","","","","","","","","","","","","","","","","","","","","","","","","","","","","","","","","","","","","",
"Moldova","MDA","External debt stocks (% of GNI)","DT.DOD.DECT.GN.ZS","","","","","","","","","","","","","","","","","","","","","","","","","","","","","","","","","1.64978931629077","11.631849241073","29.6115142795395","40.0696116828985","48.3186934835135","54.3123333064779","61.9782390912996","98.5032226577787","136.193940391912","112.472596450816","107.512684838733","95.6952196728422","71.5744260864525","65.4239294635281","68.8263439205978","69.9444036350436","56.0145571260456","64.6578180517962","63.1599967281012","58.0188297176791","55.8879563823311","59.7056085801724","57.2270719133865","73.9000579215744","73.7875330771683","69.1928004139998","61.8063335086727","59.1926642474052","66.675737691051","64.9616495706485","66.8632643722402","62.8005085116462","57.1465378506246","",
"Madagascar","MDG","External debt stocks (% of GNI)","DT.DOD.DECT.GN.ZS","","","","","","","","","","","43.7518935119051","40.9458396667366","38.0856827861055","30.6402019920178","39.4521993029423","34.8429962613931","8.75482492529741","33.1506718446173","13.3352556889126","22.4008347058571","24.2021075367591","34.5400584207991","41.2115304623963","44.6676897254279","57.0999523334984","68.8491975374138","71.7256384695562","121.241590582574","122.370256297543","114.90306782979","98.1613477308975","126.334957703741","109.626055147607","97.2490887116518","121.668752268129","117.722116633697","86.9302334296664","98.5826424780783","101.625683529194","112.898741524355","103.019407927904","78.1232609671663","87.0532997572408","79.0994165632916","76.6389141389255","61.4523509812397","24.4369416539954","27.6379346616501","23.8397536854649","30.0620229114352","28.1124879975055","25.2856982129885","26.7087091899864","24.5044769963674","24.2440491437094","27.4767144034678","26.0181703262019","26.3828294698937","27.8398702733725","29.6324583649625","38.2191601869722","37.9205140933986","39.6850024837053","41.4145410926583","39.2117046150763","",
"Maldives","MDV","External debt stocks (% of GNI)","DT.DOD.DECT.GN.ZS","","","","","","","","","","","","","","","","","","","41.891318593103","38.1638790509274","69.6728682951345","99.9884556874199","155.116581994427","153.763179151744","87.79503379174","72.8173262853651","57.152237593705","61.3883823960524","45.1197457103067","38.8566540385362","40.22029964851","38.1605267151496","38.1309687622695","40.5713326072751","39.3874446673695","40.8592044751487","39.254094354304","35.636273909491","37.8171958417054","39.2752701725266","34.1594895904385","27.5565262892451","30.8619596590252","28.8104453628009","28.4722746342198","31.9883796763899","36.0722972233685","48.6122685637439","57.6384056975488","66.16301742836","40.1281147350981","35.5158602200661","35.923424043945","34.9521788047807","32.944864777841","26.4416895520383","28.0382666399164","33.0008165324018","47.2562178051555","51.7745443328391","107.470713789041","86.9049861911727","73.0396211302368","68.5591205715148","75.5586486708217","",
"Middle East, North Africa, Afghanistan & Pakistan","MEA","External debt stocks (% of GNI)","DT.DOD.DECT.GN.ZS","","","","","","","","","","","","","","","","","","","","","","","","","","","","","","","","","","","","","","","","","","","","","","","","","","","","","","","","","","","","","","","","","","",
"Mexico","MEX","External debt stocks (% of GNI)","DT.DOD.DECT.GN.ZS","","","","","","","","","","","20.3375146245684","19.8139260114195","18.8150003708253","19.5959007979127","19.9036052164824","21.3509061437009","27.8665871530657","39.3851714009537","36.0081813107876","32.9410733103811","28.9135432044519","30.9089348657191","50.0602040201958","63.3543373573605","54.5582877317912","52.1162833961507","79.5703417725586","77.9107697547345","57.0065085595288","44.1181970772595","41.4065546579064","37.5066955910725","31.8061738071114","25.4259968879293","25.8625661019977","45.4530367262507","37.6815596061517","29.1474328822531","31.4567835757741","30.0607831007405","24.5014645736466","25.9016210744203","24.1586324842924","26.3218083485224","25.8629949355891","24.1351947655204","22.0731084517312","23.1063024261954","21.6625866162173","26.9674757913441","28.5700387934223","29.0507246273433","35.2377254920235","39.111064663244","40.8517099366641","45.4803129174973","50.2965927131738","49.85860000761","49.1902287834628","48.7169187460769","56.8349663684666","46.8965782589805","40.8971913213688","34.0722892134803","32.8920519832698","",
"Marshall Islands","MHL","External debt stocks (% of GNI)","DT.DOD.DECT.GN.ZS","","","","","","","","","","","","","","","","","","","","","","","","","","","","","","","","","","","","","","","","","","","","","","","","","","","","","","","","","","","","","","","","","","",
"Middle income","MIC","External debt stocks (% of GNI)","DT.DOD.DECT.GN.ZS","","","","","","","","","","","13.0840227945481","14.0219745277543","14.4711884947354","13.6869872557391","13.4043689534914","14.717442059653","16.6622454423402","19.6441699499839","21.5912523752266","21.8564441401003","23.038082704696","24.8102099797867","28.4707234029734","30.92703607919","30.7612879269041","32.5010223112722","34.7134649554288","38.8500798114627","36.4510200748385","35.3066218648244","33.8824140795681","36.9443788826758","36.2234856810431","36.4851598168152","36.0643905286819","35.5258721376786","33.2501761362766","32.3337261407578","34.9779045990358","36.3462151382225","32.9150243912349","33.3854385987259","33.7399585082083","32.487981058511","30.0046310378221","25.1481813175454","22.8935656298265","21.5871606064935","19.4057359050684","20.9966869603891","21.1930474014539","20.9013660548211","21.8080641911484","23.4663841545077","24.4858039668427","23.5292209194168","24.1220317083257","24.8026590319415","25.0191215206137","25.6626731298578","27.884593508301","25.5016165196857","24.0423329403781","23.7100399668141","23.1153272859306","",
"North Macedonia","MKD","External debt stocks (% of GNI)","DT.DOD.DECT.GN.ZS","","","","","","","","","","","","","","","","","","","","","","","","","","","","","","","","","","38.0768074797907","29.4479434291349","25.8937829018732","37.7425569107114","31.920319629172","40.1035089016331","38.1779466698396","39.9114647653868","40.5997554049823","41.691305444453","38.2041931695784","49.9632391785537","48.4285306586504","48.1882697796576","52.3587441288366","43.86639988356","55.8252832745207","55.1658818503309","58.0429260072242","67.5560932297406","60.1124927734005","60.0036675912529","67.6327026199251","71.8679514884869","77.6192228036134","70.8671055226992","73.878913843162","85.5780954490782","81.2137403910336","87.2903420648887","83.6825253285971","81.1537085602971","",
"Mali","MLI","External debt stocks (% of GNI)","DT.DOD.DECT.GN.ZS","","","","","","","","","","","69.8425850570694","68.8009991241578","55.2595258057978","53.6483650402243","65.3712179907625","43.4424718734885","40.1322176274394","44.9347812643623","45.7281287084799","35.8650544733834","41.7755890848616","55.2302644660216","66.9573439369456","77.9747628072111","102.148218631307","106.577765368637","95.3767519080411","98.9653329716942","94.2609048956157","97.5109786620088","92.5709091837647","95.5098417746692","102.729883509804","102.932869920919","130.889615638673","111.247720575334","110.108836839137","119.225784521406","111.682368467103","94.754715438508","101.700451429186","87.1571308480043","75.6599431535743","67.1705706143663","47.3115599857406","40.7500387011475","18.4699428985465","18.3510118579684","17.0708601515094","18.0877760438867","19.0859485309254","19.3256703955007","21.2743322221424","22.7159140936048","21.2679303567274","24.5106089686809","23.5063008450627","24.2588970103253","23.1419238102101","25.264051034063","29.1259873468337","28.7701638225669","28.8716429810643","27.3071265527304","24.9435630803084","",
"Malta","MLT","External debt stocks (% of GNI)","DT.DOD.DECT.GN.ZS","","","","","","","","","","","","","","","","","","","","","","","","","","","","","","","","","","","","","","","","","","","","","","","","","","","","","","","","","","","","","","","","","","",
"Myanmar","MMR","External debt stocks (% of GNI)","DT.DOD.DECT.GN.ZS","","","","","","","","","","","29.0259463549153","33.0201557356537","33.4086906626367","42.3410074426231","29.0977484169643","35.199515669384","32.3035400799809","69.663477205037","109.051610935938","148.070522354383","163.256388611906","178.678185734518","153.31032885976","179.647736979925","193.707916715072","210.239771300033","242.911407294201","309.05473471653","318.768433779108","236.607598942509","254.132366626374","267.355039461299","230.249292178716","184.730148829794","144.9376314102","118.497080286955","95.1322557404488","124.834747447232","94.6378020591453","75.985428284476","72.8275113146935","94.1601537423973","99.0206326979547","71.0874524528629","72.975594102393","59.9123580516691","51.8668270840157","39.9842237302244","28.1222825205722","25.7356031426676","20.170486209262","18.0535304149224","19.1699328228031","16.9906663206016","16.0697456201098","17.7737905538591","16.4019689211179","16.8609916662603","16.2637631750898","15.3935737924956","17.2950651539903","21.0676114738987","20.5015111684972","18.5621659533207","15.2759866470065","",
"Middle East, North Africa, Afghanistan & Pakistan (excluding high income)","MNA","External debt stocks (% of GNI)","DT.DOD.DECT.GN.ZS","","","","","","","","","","","17.0367555795398","17.4875738360461","16.5771502887655","16.9687604824814","12.7136463173598","15.2716044296038","16.023616315047","21.8150102591854","24.924053626338","23.6003654000601","25.3940640025742","27.7249389452266","28.7514762733001","27.2832428595834","25.9818564241354","27.878924916355","28.8354017562782","37.7954373699519","40.2201556009955","41.7847997970772","30.3048865241198","48.3367636486581","48.0598873771678","56.3216576393174","56.0870525367993","52.3212732818936","46.0440484370719","41.5585720253918","42.6080936766273","39.2897977063085","33.773014856692","32.8327912593698","35.1372162107295","34.2550539686403","36.5118142226727","27.7102320307566","23.265238456025","20.5625969021714","17.3524835461443","19.3917280953673","18.1231741718145","15.2633460643476","14.843691858448","16.7944063201149","17.0232853147025","19.5025680485098","21.106619191522","24.1577959644344","25.874800973028","28.266531181735","33.3422894258151","30.3498562558408","27.6426834195379","29.7421903080174","27.2792237156934","",
"Montenegro","MNE","External debt stocks (% of GNI)","DT.DOD.DECT.GN.ZS","","","","","","","","","","","","","","","","","","","","","","","","","","","","","","","","","","","","","","","","","","","","","","","31.7929256059737","34.895714779199","32.5640414124597","56.5589409827454","109.450559999765","120.599424500904","148.578405687495","162.271066149197","145.213666098796","161.075640491041","142.171899905147","147.132283550519","145.516425086107","150.5755948108","217.163003315186","161.103035512735","138.582570450991","113.95522100629","108.635519944661","",
"Mongolia","MNG","External debt stocks (% of GNI)","DT.DOD.DECT.GN.ZS","","","","","","","","","","","","","","","","","","","","","","","","","","","","","","","","","27.4861615776774","52.2728110287999","51.2404088224363","37.2334442036419","40.1175582294828","51.8599222038608","64.6075484787857","92.7679867685796","84.8260800286495","74.7427449434986","79.1727823294052","97.5319838534455","80.4445552322851","56.4947239860788","44.3256553809906","42.1460159886973","40.105306839991","68.0906140732509","89.6927669740165","100.810671243824","140.031588117475","169.849941329761","201.7487171776","226.396329174487","257.495492491549","301.213847625128","264.705286108799","263.625221019326","270.758627164147","267.816579054365","217.358336876823","193.629879463826","181.85657688514","",
"Northern Mariana Islands","MNP","External debt stocks (% of GNI)","DT.DOD.DECT.GN.ZS","","","","","","","","","","","","","","","","","","","","","","","","","","","","","","","","","","","","","","","","","","","","","","","","","","","","","","","","","","","","","","","","","","",
"Mozambique","MOZ","External debt stocks (% of GNI)","DT.DOD.DECT.GN.ZS","","","","","","","","","","","","","","","","","","","","","","","","","","","","","","","","124.615834028224","190.872869937679","187.66022658092","255.628159508017","250.955361016027","190.909281946399","158.369909705516","153.334084544531","118.836795216164","115.311593797161","82.3593635079571","95.2488882213662","84.2138255188874","77.1132943367781","71.9042905615671","55.4358017815768","55.588850001753","51.8563287675779","66.0208044837913","101.617142296998","93.7558362929531","119.124597767191","169.070905618775","194.508168334933","241.615881289574","366.763623134235","362.951495919371","345.085258316259","364.511823633353","432.222289870322","407.031730767108","379.630335980732","355.368526234506","350.573066715697","",
"Mauritania","MRT","External debt stocks (% of GNI)","DT.DOD.DECT.GN.ZS","","","","","","","","","","","8.82746413313097","12.0948264908096","14.9003910241679","21.7506183037526","27.611927087468","27.9558021829206","56.7608619934712","69.1125974094179","87.7484481759701","77.6394894581528","81.9086725856663","91.0781590183338","106.577097410509","115.45853660919","127.225855192183","151.515524222087","156.052645496794","159.749035035418","152.405333515396","141.528982153432","145.689143511455","106.217854271731","100.147820011299","121.990701185883","120.609596358741","118.496728411867","113.688290366061","119.174127393579","116.068442928553","124.025762600086","130.744174572824","131.343454662178","122.076949146549","109.949676021768","94.7092415459895","76.0332139319088","40.5726487426479","59.9374823018585","54.9914205126402","65.9176238407268","63.9658175195976","56.6317449678541","65.4300838485043","64.3590935844152","71.479052914401","83.4140311520752","80.8665818451545","78.1837937696366","70.2585908458328","69.003636509372","69.7120215454525","52.7281781201758","47.9899990566287","43.0383110395313","41.8283000583246","",
"Mauritius","MUS","External debt stocks (% of GNI)","DT.DOD.DECT.GN.ZS","","","","","","","","","","","14.0818102737116","13.1717510161449","11.2397985153281","10.3989614603134","7.11913756221194","7.71773347225131","9.0258192331968","12.2033574735479","18.6102493342032","25.2921197017126","37.3916366537339","45.3828679577897","52.5281184497847","48.1450482852932","50.546563285841","55.2728254688274","44.3989447489019","42.1081750126875","38.8853399122964","37.0938485652343","34.9642501292267","34.1868288196479","28.7835160891042","27.2169199688838","30.6736590040575","34.7204485572989","31.5262206053198","31.7001689586414","30.5091774592655","29.4796277602534","20.5280922368869","18.4957213488565","41.5173799356829","54.9951685764092","50.0415537025612","55.2910573267692","49.6298608608435","67.957247823835","64.3286496687504","80.5231261790148","79.2577259050381","87.090929977457","88.5078216143609","98.0701377984213","94.8372492709574","83.0036301868853","80.4577519799629","74.5189348704116","71.7181512600384","81.0716747686362","101.298413512918","115.15137402835","124.122312928641","123.586942977986","123.165055468656","",
"Malawi","MWI","External debt stocks (% of GNI)","DT.DOD.DECT.GN.ZS","","","","","","","","","","","","","","","","","","","","","46.0870141966879","45.6113665140363","50.3568899944905","50.1333443688898","50.0540924593035","62.0025696927438","67.1849822965075","79.3858305941331","67.6756076271502","60.9324242555681","56.9305968708045","51.9193251321554","65.2547240857941","60.6038460587681","117.512385843929","110.08383795428","69.6380125933417","57.4221768113184","97.1280989240633","107.719735396556","107.782579493177","105.029019287809","57.5240856826466","67.2217840173433","68.6952976395786","60.5239315129805","15.0609514420483","13.513352544671","12.8835470023629","12.7820359791394","10.1861815496722","10.522553020403","15.4152516993896","19.85391823941","19.2215926499317","19.1396926868478","23.4326204329779","24.7544283085607","23.7046530017529","22.5064008416382","25.8886794398271","26.6288989509456","27.7078594488565","29.1854366990484","35.2492254102013","",
"Malaysia","MYS","External debt stocks (% of GNI)","DT.DOD.DECT.GN.ZS","","","","","","","","","","","","","","","","","","","","","","","","","","","","","","","","","","","","","","","","","","","","","","","","","","","","","","","","","","","","","","","","","","",
"North America","NAC","External debt stocks (% of GNI)","DT.DOD.DECT.GN.ZS","","","","","","","","","","","","","","","","","","","","","","","","","","","","","","","","","","","","","","","","","","","","","","","","","","","","","","","","","","","","","","","","","","",
"Namibia","NAM","External debt stocks (% of GNI)","DT.DOD.DECT.GN.ZS","","","","","","","","","","","","","","","","","","","","","","","","","","","","","","","","","","","","","","","","","","","","","","","","","","","","","","","","","","","","","","","","","","",
"New Caledonia","NCL","External debt stocks (% of GNI)","DT.DOD.DECT.GN.ZS","","","","","","","","","","","","","","","","","","","","","","","","","","","","","","","","","","","","","","","","","","","","","","","","","","","","","","","","","","","","","","","","","","",
"Niger","NER","External debt stocks (% of GNI)","DT.DOD.DECT.GN.ZS","","","","","","","","","","","4.88530479107021","6.00629544570641","7.39902645435161","6.88083236603415","9.21795606924178","11.0187583382377","12.5727136883996","13.420668677469","34.9369758130677","30.7861695631348","34.9693717528673","48.7635220885097","49.3558373940506","55.1662186093512","69.5492639051733","87.4974491057422","76.5075170103787","76.072995171284","76.0917492500569","69.5368006592041","49.700437210725","46.121107125213","45.4051106205478","51.1989622729318","79.2162012575089","69.0850437703875","63.2532212899216","67.7894506318905","61.5394397545729","65.0418993730916","73.6636960994648","63.7522715663708","63.2241164578283","60.4660124139929","49.4870221697257","42.1240585306703","15.0560974130624","17.9746825164839","12.3261794013539","16.1010872675788","18.5156916420841","23.7262671614508","18.3017222078689","18.6548282769277","17.6428952553323","21.9307650945134","23.3974451516055","26.1671298879706","23.6932555242712","26.5897762591554","34.5774485452582","32.7020935952753","38.6144336945622","34.0171755670095","27.5138701036448","",
"Nigeria","NGA","External debt stocks (% of GNI)","DT.DOD.DECT.GN.ZS","","","","","","","","","","","","","","","","","","","","","","","","","","","","","","","","","","","","","","","","","","","","","","","","","6.29589733867469","8.11168567712412","8.39261604734311","8.71768198369707","8.89341234144098","8.61753445373024","8.40912650109517","9.37394526748953","10.978230289557","17.7307590012602","16.9165675219792","17.479665389895","20.4924439613801","22.2682603874306","22.1867351582616","29.036832236491","60.0447244122839","",
"Nicaragua","NIC","External debt stocks (% of GNI)","DT.DOD.DECT.GN.ZS","","","","","","","","","","","33.8739232806576","38.653542357746","43.8897003083847","50.0337796794429","48.3980670734276","59.5341308675485","56.8249896691088","65.0318907825605","78.8396033786546","113.255514100574","112.587750473951","111.660709017843","132.300136252502","163.132862053919","167.353948106139","233.813986969897","244.510374846754","211.244901359998","389.237695878234","1233.09914394235","1111.26987706263","960.375817653301","879.240243325112","879.958932600401","366.081767365174","280.942513478349","154.976107632593","153.235885272328","143.356423298661","137.562642022893","139.014689526278","124.986559022935","128.350102249897","133.765613803146","90.9984403907853","81.2028996408479","63.9929315785146","56.9156498096097","56.99655498841","73.5932514465605","82.4187917914779","83.5100184553","90.4941987647134","98.1495212959426","95.9109123249239","93.8499574183771","96.5759187776326","97.4552133596222","105.203065587607","111.85462309612","116.047725431055","110.113303839973","104.763775822472","90.3575776595348","82.8145487130702","",
"Netherlands","NLD","External debt stocks (% of GNI)","DT.DOD.DECT.GN.ZS","","","","","","","","","","","","","","","","","","","","","","","","","","","","","","","","","","","","","","","","","","","","","","","","","","","","","","","","","","","","","","","","","","",
"Norway","NOR","External debt stocks (% of GNI)","DT.DOD.DECT.GN.ZS","","","","","","","","","","","","","","","","","","","","","","","","","","","","","","","","","","","","","","","","","","","","","","","","","","","","","","","","","","","","","","","","","","",
"Nepal","NPL","External debt stocks (% of GNI)","DT.DOD.DECT.GN.ZS","","","","","","","","","","","0.438905216126825","1.03734002909644","1.20152232399936","2.06801848850703","2.26226604195292","2.15873085842654","3.40018865135105","7.24123703123057","6.98699849237993","7.87005714190299","10.4399385335201","12.1814638943575","14.6515661628455","18.3875373142698","17.9351850973081","22.5103655782236","26.0909736709145","33.3469528578783","33.4495335739405","38.3864517283105","44.6863545517152","44.8680891177896","52.6614471904227","54.6130569084485","56.8865886952432","54.6854388530539","52.9418557516032","48.988329686067","54.8734718081806","60.0078951718354","52.1284613764897","45.4504146210911","49.6050524616047","50.8284796603353","46.4258369867928","39.1154769048201","37.342433881345","34.6388304814777","29.1821447836312","29.036683930972","23.4883074371496","17.6500654511006","17.4328435350797","17.9863596634684","17.2597307021914","16.769557036253","17.2975980360721","16.9611227628207","16.5353620494072","18.8645833580846","23.3700917945979","23.7616294058189","22.1714628607957","24.0384374799175","23.2748414884129","",
"Nauru","NRU","External debt stocks (% of GNI)","DT.DOD.DECT.GN.ZS","","","","","","","","","","","","","","","","","","","","","","","","","","","","","","","","","","","","","","","","","","","","","","","","","","","","","","","","","","","","","","","","","","",
"New Zealand","NZL","External debt stocks (% of GNI)","DT.DOD.DECT.GN.ZS","","","","","","","","","","","","","","","","","","","","","","","","","","","","","","","","","","","","","","","","","","","","","","","","","","","","","","","","","","","","","","","","","","",
"OECD members","OED","External debt stocks (% of GNI)","DT.DOD.DECT.GN.ZS","","","","","","","","","","","","","","","","","","","","","","","","","","","","","","","","","","","","","","","","","","","","","","","","","","","","","","","","","","","","","","","","","","",
"Oman","OMN","External debt stocks (% of GNI)","DT.DOD.DECT.GN.ZS","","","","","","","","","","","","","","","","","","","","","","","","","","","","","","","","","","","","","","","","","","","","","","","","","","","","","","","","","","","","","","","","","","",
"Other small states","OSS","External debt stocks (% of GNI)","DT.DOD.DECT.GN.ZS","","","","","","","","","","","","","","","","","","","","","","","","","","","","","","","","","","","","","","","","","","","","","","","","","","","","","","","","","","","","","","","","","","",
"Pakistan","PAK","External debt stocks (% of GNI)","DT.DOD.DECT.GN.ZS","","","","","","","","","","","34.2954513272245","35.8007021617557","43.8789685781123","72.4354099715352","58.0281342712355","51.6633926447964","52.2298365806886","50.6123690618209","47.2442836492745","45.8442630880316","42.4913054239135","38.0077301485561","38.4953989938768","42.5421693725892","39.8212014053784","43.9505623754253","47.8458299603713","51.4427045175779","45.3392306726675","46.7088326720846","52.9314616498754","52.5531870657114","52.3371527362613","48.7852418739153","54.0252940052037","51.3706485098005","48.6395293266652","49.9402691271551","53.9697343873156","55.884946044763","33.9620062505144","34.0673947984518","35.8788695669919","33.5755290063407","28.3672551340564","24.1708210827745","23.6546444840212","23.5562652643419","25.2733638555471","31.1190703612064","32.7811905556848","28.567490409755","25.8754627988566","23.6165694934777","24.0363183529915","23.250373675072","24.3711794392753","27.8523788602803","28.5494742437705","34.9183625831205","39.9870693569552","37.9965494190867","34.5202602197744","39.4498353457572","35.6282760521045","",
"Panama","PAN","External debt stocks (% of GNI)","DT.DOD.DECT.GN.ZS","","","","","","","","","","","","","","","","","","","","","","","","","","","","","","","","","","","","","","","","","","","","","","","","","","","","","","","","","","","","","","","","","","",
"Peru","PER","External debt stocks (% of GNI)","DT.DOD.DECT.GN.ZS","","","","","","","","","","","46.1246491330708","42.5491154050305","40.3706544753455","37.9754289089592","40.1629433062737","38.3172694554732","50.0988860203893","65.685039732976","82.3905511647105","62.5172497229697","55.0688765457942","42.1716752144855","52.1065088346831","70.6338715218467","74.6795749831435","91.5046874553848","73.8213873543152","50.7921921180285","131.349943916633","89.7375845304335","81.8468435049874","62.161319904505","58.5177627414954","70.2752260339722","61.6361055639642","60.5129879783243","54.1476991229528","52.5119573585364","56.044866866491","59.5346640984021","57.0026235419152","54.165461935894","53.0849788812544","53.1443427021015","50.0708520347505","41.3727350377722","35.9534061055932","34.1961375238097","30.9320299079422","32.9985559972393","30.8386747274741","28.2946982865762","34.14014373807","33.3041875254961","35.4246138507104","37.0040696483009","38.1972280258854","33.9083827987592","32.4819714568868","29.5044834900041","38.1780303630646","42.6071664051668","39.9788909505895","37.1975658585426","34.2282212044217","",
"Philippines","PHL","External debt stocks (% of GNI)","DT.DOD.DECT.GN.ZS","","","","","","","","","","","29.5600392370265","29.2424295687229","29.8769116422749","24.4403486700296","21.2514651987163","24.9002645109893","31.5743315878758","36.9586619329879","42.0357073811525","42.8503845179263","47.8375225534349","52.0006975133081","59.3086633753073","65.6124274031239","71.1036917650036","79.1728741084382","86.3404694920343","81.4448039247653","68.9844140315395","60.9287918437673","61.4493906243295","63.0007122391573","54.4500067646635","57.4048242064896","53.6591815600724","45.2674540124483","44.9231480432396","51.3207229650644","63.1272199943038","60.2148759291196","63.8299045574974","67.5173431225323","65.0270153606938","65.8782675934404","58.8498252315545","49.7600218675303","41.3110356432286","34.804532967813","29.3273873367195","28.5128651981622","28.1961962919996","25.344502088236","23.4044291733867","24.1818488040641","23.7207481738751","23.3400182272902","21.2638927411851","20.1794848256215","20.6399906442903","20.3516842117646","25.3116389229833","26.1303951987477","25.875290276635","25.6668725797068","26.2604550502335","",
"Palau","PLW","External debt stocks (% of GNI)","DT.DOD.DECT.GN.ZS","","","","","","","","","","","","","","","","","","","","","","","","","","","","","","","","","","","","","","","","","","","","","","","","","","","","","","","","","","","","","","","","","","",
"Papua New Guinea","PNG","External debt stocks (% of GNI)","DT.DOD.DECT.GN.ZS","","","","","","","","","","","33.3583778432323","59.6479013472853","60.7176598311141","43.1867869694203","37.1664199446417","39.4044674452706","35.6463320388033","42.0540786261965","30.3709135828573","27.1668395412035","28.9215447686274","49.1306919178018","72.3563461070069","77.1864144959273","82.1023145410207","90.470830869232","77.0897797642677","75.8576428936962","64.0003320774889","67.8737124097725","83.773407136274","75.7223172534564","95.2183641461363","71.9794748347569","54.7787094194557","57.3362075708199","53.4128450281203","56.1365321900516","76.9683917134137","83.2527142491513","70.3975803949116","72.306572557055","66.9412795231058","59.5371930653565","49.7264993657946","41.3222330614445","23.2993441096311","17.3473573972822","13.0262202785007","16.4344727852789","45.4164854141367","77.3301927875645","73.8824913690792","110.583402721767","89.5636730101092","100.404554250921","97.1388021415025","79.5083290021728","77.8044370657937","81.4496731940156","78.1107677202084","80.3922795089323","65.8166135991383","54.2865345566668","41.8854823852824","",
"Poland","POL","External debt stocks (% of GNI)","DT.DOD.DECT.GN.ZS","","","","","","","","","","","","","","","","","","","","","","","","","","","","","","","","","","","","","","","","","","","","","","","","","","","","","","","","","","","","","","","","","","",
"Pre-demographic dividend","PRE","External debt stocks (% of GNI)","DT.DOD.DECT.GN.ZS","","","","","","","","","","","","","","","","","","","","","","","","","","","","","","","","","","","","","","","","","","","","","","","","","","","","","","","","","","","","","","","","","","",
"Puerto Rico (US)","PRI","External debt stocks (% of GNI)","DT.DOD.DECT.GN.ZS","","","","","","","","","","","","","","","","","","","","","","","","","","","","","","","","","","","","","","","","","","","","","","","","","","","","","","","","","","","","","","","","","","",
"Korea, Dem. People's Rep.","PRK","External debt stocks (% of GNI)","DT.DOD.DECT.GN.ZS","","","","","","","","","","","","","","","","","","","","","","","","","","","","","","","","","","","","","","","","","","","","","","","","","","","","","","","","","","","","","","","","","","",
"Portugal","PRT","External debt stocks (% of GNI)","DT.DOD.DECT.GN.ZS","","","","","","","","","","","","","","","","","","","","","","","","","","","","","","","","","","","","","","","","","","","","","","","","","","","","","","","","","","","","","","","","","","",
"Paraguay","PRY","External debt stocks (% of GNI)","DT.DOD.DECT.GN.ZS","","","","","","","","","","","24.6764999780797","24.7977049376118","24.5649403505677","21.2978974196426","19.5410331616812","20.7467983672242","22.303946868792","26.7713185952809","28.5782098143973","26.8651632896688","22.8833625304815","21.3722463706543","25.5122935156582","26.6492404491947","35.7204517181365","60.9539897514848","62.1059113216032","71.9689407202267","61.8184168404263","55.3255512219675","40.4869610020704","34.6672691899427","26.4432178972696","23.8343446097579","30.5584711608967","32.0543238609822","27.9698098081137","27.3159614923225","33.1998500830705","42.3770654025352","40.1187300608076","37.8643904435517","51.1206931757099","103.903258451342","88.4271121330642","88.6675931590644","78.9952280844534","63.5398860806603","53.5750342145205","66.3737178624204","62.4432011001041","49.6955356539035","52.267953218174","44.7584021905892","44.5515229721803","49.8107351914534","49.609074942482","45.3224495165738","44.3037518212439","48.6178098889894","61.730412643043","58.8994043286729","62.1946052686948","64.060294286157","69.740945590813","",
"West Bank and Gaza","PSE","External debt stocks (% of GNI)","DT.DOD.DECT.GN.ZS","","","","","","","","","","","","","","","","","","","","","","","","","","","","","","","","","","","","","","","","","","","","","","","","","","","","","","","","","","","","","","","","","","",
"Pacific island small states","PSS","External debt stocks (% of GNI)","DT.DOD.DECT.GN.ZS","","","","","","","","","","","","","","","","","","","","","","","","","","","","","","","","","","","","","","","","","","","","","","","","","","","","","","","","","","","","","","","","","","",
"Post-demographic dividend","PST","External debt stocks (% of GNI)","DT.DOD.DECT.GN.ZS","","","","","","","","","","","","","","","","","","","","","","","","","","","","","","","","","","","","","","","","","","","","","","","","","","","","","","","","","","","","","","","","","","",
"French Polynesia","PYF","External debt stocks (% of GNI)","DT.DOD.DECT.GN.ZS","","","","","","","","","","","","","","","","","","","","","","","","","","","","","","","","","","","","","","","","","","","","","","","","","","","","","","","","","","","","","","","","","","",
"Qatar","QAT","External debt stocks (% of GNI)","DT.DOD.DECT.GN.ZS","","","","","","","","","","","","","","","","","","","","","","","","","","","","","","","","","","","","","","","","","","","","","","","","","","","","","","","","","","","","","","","","","","",
"Romania","ROU","External debt stocks (% of GNI)","DT.DOD.DECT.GN.ZS","","","","","","","","","","","","","","","","","","","","","","","","","","","","","","","","","","","","","","","","","","","","","","","","","","","","","","","","","","","","","","","","","","",
"Russian Federation","RUS","External debt stocks (% of GNI)","DT.DOD.DECT.GN.ZS","","","","","","","","","","","","","","","","","","","","","","","","","","","","","","","","","17.4798552537527","26.1163148011452","31.1174870010575","31.1283376666771","32.8834236780997","32.3401786460413","67.8018769206859","95.6702724203279","57.9764384368627","46.6826951160993","40.8533394581356","44.5626607613604","37.044289752436","33.5124776049074","32.3865885396895","32.7591854997396","25.9737563112073","34.3613166173345","28.2773715301649","27.4162213475377","27.6477290740837","30.2102878450986","27.8421875364677","37.125952762227","43.1184713428485","33.8872742360339","29.548796109","29.6288697909038","31.6125814211445","26.4340953468359","16.757438584072","","","",
"Rwanda","RWA","External debt stocks (% of GNI)","DT.DOD.DECT.GN.ZS","","","","","","","","","","","2.21771693951681","0.89649321308355","1.37269158540334","2.74671878641695","4.02806197581917","4.23411480865399","7.51798264029816","11.7772477226523","14.0722953573193","14.1038570216692","15.1071356773435","13.8813942664878","15.3931699445928","16.2095963358287","18.2621503577341","21.4172543565149","23.3331870347172","28.2354158501575","27.4412920650225","26.0233684378921","28.0401855125792","42.6127903639698","42.4546789853175","46.4627543174041","127.415331785575","79.4860611738448","76.393450197403","60.6440990956042","62.3255007057734","61.1351452744866","62.8083274081077","66.8192915128563","74.5796747820985","73.7799048364944","71.3065386396469","52.5165794251024","13.1771072556272","15.2769186821418","18.062177264619","19.5357885566749","20.3065120591755","21.393893240066","24.0267798798109","30.1055329314487","36.1466647538998","41.1859009324245","51.0672797854825","56.6439342203484","61.1514887573938","65.1410718001911","82.4503892484163","85.8558898695688","74.3314388443279","81.0157835253365","93.8824280218587","",
"South Asia","SAS","External debt stocks (% of GNI)","DT.DOD.DECT.GN.ZS","","","","","","","","","","","12.4741256093595","12.8913102612478","13.2079513913058","12.5035778113297","12.7028068004312","13.3692967248847","14.9975263030722","13.9845011151071","13.4858655318947","13.1446390845463","12.6036473875314","13.2377028683506","15.4385399502723","16.2055981236851","17.5053753600542","18.9072636654963","20.6757144648945","22.1332783923512","22.9483460909773","27.3657727348394","28.6410912936327","34.2108720200749","33.2475618729683","35.3612029269827","33.1093107695162","29.185811615077","26.3527614308974","24.6859581696674","25.6774691049814","24.4823932225456","23.8901315572421","22.6330307338957","23.001759000477","21.9578889966083","19.8655958246546","16.8468210902566","18.7187768788226","18.2562450847754","20.2298194472823","20.4428175200713","18.5086502690559","19.2756645107119","22.6587352590209","24.1033105406775","23.4812443638665","23.6933867594068","20.7132294715852","20.3792370041997","20.4308682277857","20.9402293111758","22.5464177197367","21.0423630916322","20.1913102468386","19.8018732150761","20.0223654288025","",
"Saudi Arabia","SAU","External debt stocks (% of GNI)","DT.DOD.DECT.GN.ZS","","","","","","","","","","","","","","","","","","","","","","","","","","","","","","","","","","","","","","","","","","","","","","","","","","","","","","","","","","","","","","","","","","",
"Sudan","SDN","External debt stocks (% of GNI)","DT.DOD.DECT.GN.ZS","","","","","","","","","","","18.4579798741543","17.4413779455582","18.370075333876","18.4903635364655","29.0098028009339","33.5131370075801","35.008018358723","35.1961295274503","39.1264727989144","48.8932293617457","58.1905786082011","59.8007275085359","83.5492452598261","93.2563354776991","84.4759681156274","114.628671959538","98.653547050605","95.9402092056897","83.3972833200469","65.7307748078115","47.8435164915527","40.302208347258","251.293448475119","199.137910415003","143.736515403897","137.901958221118","195.960004106384","144.018205922776","154.771053205497","158.497271566331","138.285856256582","99.3410219764896","93.0824414530566","84.6877206320813","72.0808502994976","52.2238011671343","42.9579124009303","34.9845611933378","33.2964096450022","42.6432308815517","41.2309784294958","41.8849817755024","62.0028273281422","56.487760867855","45.2388242895741","42.8323529853489","51.1473148369104","55.4341564956713","71.4394464809636","74.3660545239152","93.152816991005","69.8676399582301","44.3585061389123","58.0030635125029","45.3986291468877","",
"Senegal","SEN","External debt stocks (% of GNI)","DT.DOD.DECT.GN.ZS","","","","","","","","","","","11.3263205170231","11.5268338801412","10.1082798401477","10.9361822766403","12.9332819834956","12.6735680510252","14.5864813550014","21.7808543507674","27.9290837042701","28.0272974348163","33.4058085147044","41.9091244734226","47.7102820933556","59.7992907619347","65.4197498248598","69.3246464553197","61.8081420678922","64.1843444125157","62.7892795514986","53.211102295515","52.1302470993679","50.837591708286","48.2410860363252","53.5531798404215","75.5811698815374","63.4521867031277","58.3660734548485","63.751228930187","63.5187721952003","61.5509626675993","61.6894599199723","57.5583406613325","59.6555296080874","50.6996951289096","39.4451250767248","35.3571549771426","16.6357009657853","18.5671650352138","16.9572554560833","23.2840831819046","29.1069276963651","33.0931855562814","40.9303592307614","43.9606094091967","55.4082525783348","60.4794401983364","61.7783390785996","69.7334917042792","88.9673360108035","91.3064501670604","107.855994435083","114.383429271668","132.297928341272","153.247351028687","150.690164087921","",
"Singapore","SGP","External debt stocks (% of GNI)","DT.DOD.DECT.GN.ZS","","","","","","","","","","","","","","","","","","","","","","","","","","","","","","","","","","","","","","","","","","","","","","","","","","","","","","","","","","","","","","","","","","",
"Solomon Islands","SLB","External debt stocks (% of GNI)","DT.DOD.DECT.GN.ZS","","","","","","","","","","","","","","","","","","","16.8269220669849","14.1366660970059","11.5538405281772","12.3344523452661","15.2288184105429","19.8685205324031","25.4906487913879","40.8468737844309","54.2110260994157","66.1590387517976","61.7227059830381","60.5995293298813","57.4856953996817","59.2481235227081","36.3876499928448","50.7183169078994","38.7398251529249","34.3083781940889","29.2927048935009","27.0126410166262","34.3761500036884","35.2122987556559","37.5825381988853","40.0450333440917","53.3303060372882","43.75267746723","38.2047481294201","30.1882368211333","28.9052901325578","26.9511388099347","23.1657590626806","23.002217203778","27.0135365745914","26.0092463285008","20.2249196824666","15.8150933188393","14.202644727771","16.1611693966709","19.7388826152978","22.40219027726","19.8609933517187","19.0295414493182","20.5207798207263","29.1164554184841","30.3157419260252","31.3053346970914","33.8252498362145","",
"Sierra Leone","SLE","External debt stocks (% of GNI)","DT.DOD.DECT.GN.ZS","","","","","","","","","","","14.4194106652589","27.0494193208844","26.1054543189567","25.0933652594615","30.3527030384102","30.7604159485458","40.2276322761943","43.3447783612299","37.5672240986648","38.9147518123715","45.2966338948485","55.5420469073297","51.0090510327425","67.3288566419861","58.6602874976739","85.9884239947725","193.67149321814","164.218773982281","103.847518120784","123.222127488181","206.361045405828","176.654483011681","229.679753257693","214.725666909289","195.132894307891","152.677552672775","136.584814489433","144.074856661028","206.20078938071","204.540098802378","202.626337201351","75.6757135902494","73.0558804541651","74.7733332700498","81.8635060122218","75.249561515338","54.6815421542596","18.273620722402","17.5440453021133","22.6433092732854","22.0976274453058","22.6211203104743","22.4038471121465","19.807672602076","19.6194520524364","23.3391838239619","27.1271641031085","31.7565767199893","28.9998131303477","29.9000056256083","32.9305757433431","35.6443712586542","34.0264597502258","37.7976134256055","31.1262398944279","",
"El Salvador","SLV","External debt stocks (% of GNI)","DT.DOD.DECT.GN.ZS","","","","","","","","","","","18.2982175337393","19.6128806700242","22.2108539055506","19.8338709543976","25.7095322723037","26.6495866986882","24.541870138784","27.9247549751968","32.4611223696874","28.4467639970427","28.560998385776","36.5493660344381","46.8164642317073","54.5097260681202","54.6464978338315","52.8677528596804","53.4968735708666","54.0728678391642","51.5760872996547","51.0868801194361","47.594727377664","44.4762733903134","41.1296137774578","30.3444178767025","28.5192241476114","29.112016709024","30.3489313930169","31.8470390183796","30.729217080632","34.2025330761945","39.3265052425298","44.4755553384712","49.5431929695783","67.2072609226129","68.9516637257897","67.7208467823786","64.2868971474139","59.5868367920027","60.7372065861492","61.046537931965","64.1870275761026","64.7282677643228","66.0385885611869","67.2925042869877","70.3861891341649","69.8285240399009","72.2721022773975","72.8746784050405","67.9677797506065","68.0055117047585","78.5146265012445","74.3625867555421","70.8097768378782","72.0850222295654","75.3936981274716","",
"San Marino","SMR","External debt stocks (% of GNI)","DT.DOD.DECT.GN.ZS","","","","","","","","","","","","","","","","","","","","","","","","","","","","","","","","","","","","","","","","","","","","","","","","","","","","","","","","","","","","","","","","","","",
"Somalia, Fed. Rep.","SOM","External debt stocks (% of GNI)","DT.DOD.DECT.GN.ZS","","","","","","","","","","","22.649411428844","24.0756927789838","23.0330780173119","23.3326045415596","32.7065065183507","26.0230157934417","29.9263435185009","63.9752101091067","72.8172013441058","78.0804803338519","89.2911512107033","135.098800883494","144.305194581198","177.386447480116","182.034025923764","181.174238580152","193.587584915731","190.512367074672","185.809161102515","179.289007477426","231.28032153975","334.158778079153","338.171660741769","194.610261156441","174.761383407493","172.13887700712","144.996528597532","114.819323268905","87.6581483128333","85.0902195482385","74.3277137258373","112.330559979701","121.400373915172","99.2907282879702","73.230241968413","58.0120504832482","55.7938752945596","53.5622339659984","49.068843225582","100.949078354276","110.242347630463","102.033543095271","67.3687213629642","58.417132359056","49.7936798453941","45.2495379770867","41.6905357744833","37.4050831874032","67.7767660919484","62.3503074480711","53.4531991684809","43.8741204568577","40.3125376815559","28.3163805466625","14.918886594174","",
"Serbia","SRB","External debt stocks (% of GNI)","DT.DOD.DECT.GN.ZS","","","","","","","","","","","","","","","","","","","","","","","","","","","","","","","","","","","","","","39.0579216204582","51.8571830956774","52.544132325559","157.970759369083","91.7185086054589","63.8306322569174","60.7889015734077","54.686746408775","57.6887214065411","60.4717076987933","60.1970046794306","57.7769681944698","73.0399499538698","77.138104941376","64.1515087547296","78.6508215754673","73.3708700362815","67.8319073531775","76.6569667101022","69.7849323080997","71.731970143462","61.8350318338554","63.4151328334607","71.7394155616814","65.9213320272095","70.4741891397955","65.1823892579672","62.2479849600107","",
"Sub-Saharan Africa (excluding high income)","SSA","External debt stocks (% of GNI)","DT.DOD.DECT.GN.ZS","","","","","","","","","","","","","","","","","","","","","","","","","","38.6510724688074","43.1221438165788","45.7057499754129","43.3961369327966","43.1576963506471","42.2970784254004","41.3784162416152","45.730071049514","48.4345986526329","58.1583919876847","53.9729759864602","52.2230600017297","49.0817306032238","52.3497516104654","49.8948211087971","47.5517606483276","49.3886999976136","51.9907676329108","43.659988200475","37.4468917156795","29.8465583588172","22.7265365168934","22.9258312943298","21.6913601831422","25.5664791920741","25.3261406353079","25.1116229575522","27.1864894498897","28.2426729055775","28.8680565862389","32.3969691750197","38.234421873651","41.2093317967365","40.9538340498887","42.5065900413207","47.2921490810841","44.7034515412568","42.5070603313322","46.2536322613236","49.6576651906608","",
"South Sudan","SSD","External debt stocks (% of GNI)","DT.DOD.DECT.GN.ZS","","","","","","","","","","","","","","","","","","","","","","","","","","","","","","","","","","","","","","","","","","","","","","","","","","","","","","","","","","","","","","","","","","",
"Sub-Saharan Africa","SSF","External debt stocks (% of GNI)","DT.DOD.DECT.GN.ZS","","","","","","","","","","","","","","","","","","","","","","","","","","","","","","","","","","","","","","","","","","","","","","","","","","","","","","","","","","","","","","","","","","",
"Small states","SST","External debt stocks (% of GNI)","DT.DOD.DECT.GN.ZS","","","","","","","","","","","","","","","","","","","","","","","","","","","","","","","","","","","","","","","","","","","","","","","","","","","","","","","","","","","","","","","","","","",
"Sao Tome and Principe","STP","External debt stocks (% of GNI)","DT.DOD.DECT.GN.ZS","","","","","","","","","","","","","","","","","","4.23165048047186","17.8701370437182","24.244731956155","27.3941432960349","40.147173276545","47.3701510379092","59.0592539987906","69.9216619437441","75.719183903924","75.6138497765423","88.7668004011067","118.670380456042","146.026306076158","137.315087121907","174.251533225386","223.488981391116","187.282034898437","189.38114694311","267.545996493942","193.223419791926","289.497855056547","404.530713042173","459.902601438954","435.838780405848","423.553906874119","407.495433686755","341.434557477637","319.373824119824","248.838847943874","238.810364716511","105.995795781593","68.3025122410081","76.6758226503177","93.7169816477426","95.7217902401045","84.6264382872933","76.366141111182","68.4888000658699","89.0041060347429","81.6349841295116","84.7322641724861","66.305224714666","66.7996943664537","65.7252583186697","62.1259590970738","52.0339662799472","46.4432911879943","42.7472134373302","",
"Suriname","SUR","External debt stocks (% of GNI)","DT.DOD.DECT.GN.ZS","","","","","","","","","","","","","","","","","","","","","","","","","","","","","","","","","","","","","","","","","","","","","","","","","","","","","","","","50.118614456154","94.0048924623215","97.8194437840169","98.1010259179764","108.97590105528","158.856512570807","152.48097804211","120.403535980358","129.106954223841","","",
"Slovak Republic","SVK","External debt stocks (% of GNI)","DT.DOD.DECT.GN.ZS","","","","","","","","","","","","","","","","","","","","","","","","","","","","","","","","","","","","","","","","","","","","","","","","","","","","","","","","","","","","","","","","","","",
"Slovenia","SVN","External debt stocks (% of GNI)","DT.DOD.DECT.GN.ZS","","","","","","","","","","","","","","","","","","","","","","","","","","","","","","","","","","","","","","","","","","","","","","","","","","","","","","","","","","","","","","","","","","",
"Sweden","SWE","External debt stocks (% of GNI)","DT.DOD.DECT.GN.ZS","","","","","","","","","","","","","","","","","","","","","","","","","","","","","","","","","","","","","","","","","","","","","","","","","","","","","","","","","","","","","","","","","","",
"Eswatini","SWZ","External debt stocks (% of GNI)","DT.DOD.DECT.GN.ZS","","","","","","","","","","","38.0065833471264","27.9597849271063","24.7477352169836","19.2556949757023","15.7045377099237","","","","","","","","","","","","","","","","21.8149188101168","21.2448385861666","17.3906843745357","16.23837305718","17.1653475984957","14.0284390872662","13.537897337403","22.0533959148484","18.4126764208729","20.8052000067779","18.829566446428","21.1899563471159","28.6222718227598","21.0354554386782","16.7202018521196","15.501556718231","14.3700027999553","14.1795461962588","14.610325399621","15.0406513122438","24.1391712883702","22.9488599336301","18.8962580139771","17.6734334793297","13.108811523473","11.9994441455595","21.7512062655663","20.9427406874014","17.7234455671085","20.1691133934728","25.6454974655845","26.6554744640975","28.5949516963393","28.5901780121957","27.7538826674716","",
"Sint Maarten (Dutch part)","SXM","External debt stocks (% of GNI)","DT.DOD.DECT.GN.ZS","","","","","","","","","","","","","","","","","","","","","","","","","","","","","","","","","","","","","","","","","","","","","","","","","","","","","","","","","","","","","","","","","","",
"Seychelles","SYC","External debt stocks (% of GNI)","DT.DOD.DECT.GN.ZS","","","","","","","","","","","","","","","","","","","","","","","","","","","","","","","","","","","","","","","","","","","","","","","","","","","","","","","","","","","","","","","","","","",
"Syrian Arab Republic","SYR","External debt stocks (% of GNI)","DT.DOD.DECT.GN.ZS","","","","","","","","","","","","","","","","","","","","","","","","","","","","","","","","","","","","","","","","","","","","","","","","","10.9209799782558","11.1669398905858","9.1913069653018","7.90836038522254","11.4414279165918","23.3162725196197","22.2854134120769","27.8870431007947","36.0051389653551","29.1823293373398","22.1336673786985","21.1296434834058","41.2551368690377","36.3553681697964","21.3077701970395","25.331886032781","","",
"Turks and Caicos Islands","TCA","External debt stocks (% of GNI)","DT.DOD.DECT.GN.ZS","","","","","","","","","","","","","","","","","","","","","","","","","","","","","","","","","","","","","","","","","","","","","","","","","","","","","","","","","","","","","","","","","","",
"Chad","TCD","External debt stocks (% of GNI)","DT.DOD.DECT.GN.ZS","","","","","","","","","","","7.45017157541967","9.31194566716196","6.20008656936546","7.36603729373315","11.5817727783581","16.3986099221648","17.8308175145004","21.950139480489","25.0888736900762","30.7805980866737","27.3815456447044","29.6705738001255","26.4977548460629","26.5454376228125","21.2774009679479","21.0674915954197","24.8503416548197","30.1850403094726","26.93356868244","27.9916432468467","29.8807685986466","32.8897524411234","34.0473541209771","48.6427657705459","66.8994960173519","58.4321466762431","59.2678111535131","62.620925089443","59.0542100203736","72.3535999504033","80.1535120852676","64.8989743999205","65.8772694191459","67.3892308056559","44.3304975311807","21.3556864281332","20.6796778075762","19.1269574782718","15.3836615131075","15.710629637183","15.745364867055","14.2424469659618","13.3384401878252","16.8493737025949","21.2331866901316","19.6704195343239","22.25738421255","23.6912132934158","20.9606490268413","21.8161632484966","23.5977258926379","21.469664495408","18.530654048138","16.8741433812547","16.4018679739397","",
"East Asia & Pacific (IDA & IBRD countries)","TEA","External debt stocks (% of GNI)","DT.DOD.DECT.GN.ZS","","","","","","","","","","","","","","","","","","","","","","","","","","","","","","","","","","","","","","","","","","","","","","","","","","","","","","","","","","","","","","","","","","",
"Europe & Central Asia (IDA & IBRD countries)","TEC","External debt stocks (% of GNI)","DT.DOD.DECT.GN.ZS","","","","","","","","","","","","","","","","","","","","","","","","","","","","","","","","","","","","","","","","","","","","","","","","","","","","","","","","","","","","","","","","","","",
"Togo","TGO","External debt stocks (% of GNI)","DT.DOD.DECT.GN.ZS","","","","","","","","","","","11.2380537142946","11.820335719346","10.0892184492626","12.3951625781117","16.0105213452505","19.3586582590025","27.8186844509286","40.0413940405336","71.7193224357284","89.1552743293879","71.7155831766156","75.00425616579","85.0559004296356","88.2951771954924","82.2253241768288","89.9970483538095","73.1195583053906","71.9100770727602","64.3922410791622","62.8605686150296","56.4756734468348","60.4760563604793","57.2107044707719","73.807486816998","108.312707925008","81.2445956564275","72.7950047993466","64.4000937306728","66.3484877158113","70.3048372984895","69.594210337696","68.9582569121999","67.0796226312522","58.4416325468716","58.2582486025764","52.9440745837239","54.6794994897202","52.7500816057006","35.9008861999965","36.6704338298948","27.3267687487826","11.2522214691311","14.0277478412149","15.4731478649007","16.0093279906592","18.7626675363985","19.8502415715083","25.5707759681039","24.1991584437359","28.6354005954264","34.5123945153137","42.3995466501444","40.1159249857034","37.4241788914175","43.1643453395059","",
"Thailand","THA","External debt stocks (% of GNI)","DT.DOD.DECT.GN.ZS","","","","","","","","","","","14.1002032561802","14.6418010106023","15.0866069197674","11.5398680298686","11.6869821599673","12.5334024818911","13.7277679168708","16.9592888874452","21.1046362715475","24.5528802955896","25.8555794021977","31.6424872060634","33.9678194607178","34.9733513752443","36.3390289403899","45.8674149422315","43.8816577692849","41.0456913019275","35.8612833711879","32.9970354491901","33.4911545091473","39.0526544364681","38.2865768540671","41.600255316538","45.5312422756576","60.2943811061105","63.2641207569706","75.309915737444","96.0465858961431","78.9205480299672","64.4309783460684","57.5518586664479","48.5586931205588","40.0207899387775","35.3219199713906","32.3646539880224","29.3734719135804","24.8651595188882","23.7603550819429","29.7717121971311","32.7909524216425","32.5198283572833","39.8440632252626","39.096781273119","38.0258800496312","32.3148092281891","33.2711074983591","35.229827656924","35.6858960191966","32.1769086458462","38.1852515690645","40.2520564409155","41.8986110741223","38.7070888237378","37.4891208226563","",
"Tajikistan","TJK","External debt stocks (% of GNI)","DT.DOD.DECT.GN.ZS","","","","","","","","","","","","","","","","","","","","","","","","","","","","","","","","","0.509862287480679","23.2249528576681","44.0985883774313","53.2353686135251","71.7738272140228","116.973999292285","95.4702051491546","129.938023027688","138.36241233672","112.813187868421","106.29896032498","85.677772758842","57.7953347890355","41.9808178458617","30.6534237525021","28.5112652355737","37.5536362491248","44.785263466694","51.0948811337161","47.1598032861208","47.4048674756188","43.7543042685222","45.3573000176201","52.5018447634389","64.1008259689526","67.9150165150958","67.6998175368789","68.8669801750646","72.6845862629147","61.2573550692462","47.3124884939827","43.138609517573","37.3947720942707","",
"Turkmenistan","TKM","External debt stocks (% of GNI)","DT.DOD.DECT.GN.ZS","","","","","","","","","","","","","","","","","","","","","","","","","","","","","","","","","","8.63387308903334","16.2504207150714","16.0858976357941","31.5583311482188","73.6315114243362","90.869610563202","111.747393963495","96.3196890399462","65.3544526035338","49.1031997770124","32.4906274353972","26.9750065274572","15.2863835201395","10.2692400450782","7.13700187700112","4.48478145687274","4.24042891975606","8.12996104896032","16.2712810493695","20.5679513452169","23.136822646184","18.5866873573514","20.7791606059437","23.1856898510511","23.795696531403","20.8966214216128","14.9151811375499","12.664880108034","10.0332360806775","7.98184791210057","6.51562475515089","5.21661265138383","",
"Latin America & the Caribbean (IDA & IBRD countries)","TLA","External debt stocks (% of GNI)","DT.DOD.DECT.GN.ZS","","","","","","","","","","","","","","","","","","","","","","","","","","","","","","","","","","","","","","","","","","","","","","","","","","","","","","","","","","","","","","","","","","",
"Timor-Leste","TLS","External debt stocks (% of GNI)","DT.DOD.DECT.GN.ZS","","","","","","","","","","","","","","","","","","","","","","","","","","","","","","","","","","","","","","","","","","","","","","","","","","","","","1.76077705580083","2.15548014674223","3.12503706330901","4.18631483293713","3.64373313129695","5.51559153978068","7.06944424317143","7.08840627014517","9.78633311756728","8.04403579120896","9.41955208465074","12.5555054727804","15.365375502464","",
"Middle East, North Africa, Afghanistan & Pakistan (IDA & IBRD)","TMN","External debt stocks (% of GNI)","DT.DOD.DECT.GN.ZS","","","","","","","","","","","","","","","","","","","","","","","","","","","","","","","","","","","","","","","","","","","","","","","","","","","","","","","","","","","","","","","","","","",
"Tonga","TON","External debt stocks (% of GNI)","DT.DOD.DECT.GN.ZS","","","","","","","","","","","","","","","","","","","","","","","","","","39.149509881361","40.2119501226492","42.4472893550815","32.9532361590074","35.3715446189089","46.0779294033797","33.4495662050639","31.3784005274539","31.7009321167377","28.6299972937143","30.1640385117202","28.093951804206","26.6651816276463","32.5400928183816","37.9497492517039","35.6553966519918","39.2511537703205","43.7764152299564","45.9910524452717","40.4971742111896","34.086699517404","30.805607672984","31.9495656046392","28.2553133290998","35.6582542056978","40.5604079269347","44.8662392078593","40.8256419312625","43.0938274916159","44.1110948754746","41.7017789110633","40.802216012321","40.3523234006764","36.4379252977617","35.4250807477663","36.5330018306467","40.8140175055665","38.6037543496664","35.443706618369","","",
"South Asia (IDA & IBRD)","TSA","External debt stocks (% of GNI)","DT.DOD.DECT.GN.ZS","","","","","","","","","","","","","","","","","","","","","","","","","","","","","","","","","","","","","","","","","","","","","","","","","","","","","","","","","","","","","","","","","","",
"Sub-Saharan Africa (IDA & IBRD countries)","TSS","External debt stocks (% of GNI)","DT.DOD.DECT.GN.ZS","","","","","","","","","","","","","","","","","","","","","","","","","","","","","","","","","","","","","","","","","","","","","","","","","","","","","","","","","","","","","","","","","","",
"Trinidad and Tobago","TTO","External debt stocks (% of GNI)","DT.DOD.DECT.GN.ZS","","","","","","","","","","","","","","","","","","","","","","","","","","","","","","","","","","","","","","","","","","","","","","","","","","","","","","","","","","","","","","","","","","",
"Tunisia","TUN","External debt stocks (% of GNI)","DT.DOD.DECT.GN.ZS","","","","","","","","","","","43.7041128457079","41.5370948709597","34.8330788393067","33.7771627294151","29.4840316737382","26.609393963525","29.9022474044697","45.7860422055353","51.359345590353","49.2679741703655","41.8118367884993","44.4391960462725","48.1853445496458","50.2678492240436","51.2145746768993","60.6389660888967","69.155377507243","74.022189346028","70.8471026250981","72.4775013092724","64.7165533064408","65.9149210332214","57.8401878154274","63.5301074829516","65.2024058220954","63.0005502997591","61.3445339256423","56.5750796784768","51.765252960697","53.9949690309473","55.3084463564462","61.1436451654115","69.983303892748","68.7094407497616","65.8145671605321","58.9561260126506","57.4237720429712","56.1437112684718","50.9304304174594","55.4140725152251","51.3363537259654","49.7498678288209","55.9749620256609","56.327937751119","56.8190675921791","63.2230339634337","68.0294246068561","81.888186770087","84.6215604863162","98.5572804435593","102.147025479701","93.8461326685163","93.3278878231755","90.2495580226375","77.6996062630389","",
"Turkiye","TUR","External debt stocks (% of GNI)","DT.DOD.DECT.GN.ZS","","","","","","","","","","","15.4452889581799","20.4427134166667","17.3152299480167","16.2548822203811","13.1471529114293","11.0277734045538","11.7329454921895","19.6294439211321","22.6906585607581","17.9702851506823","28.2564941492684","27.5773061670487","31.352185635684","33.685574395924","36.9768028169742","39.605243016311","44.627217217105","48.1097367995206","46.39216502841","39.6726269717259","33.3613710496846","34.2878283206299","36.1437921713991","38.6140215164291","52.006057514151","44.4149487654801","45.1584550856343","45.3375702170046","35.5197964688648","40.2534004567491","43.2121592012955","57.4050808197224","55.901957136984","48.0065470233487","41.0343944750811","35.5841267097801","39.4750573117788","39.8040022720477","38.5984279883647","44.5736356122904","41.0990751678409","38.6013112607881","40.4357594121779","42.3711460982425","44.4602073781668","46.7405303729401","46.3614777541171","52.6882928024745","55.4453574540502","55.3071524639806","60.3150906136416","53.7425891882514","50.758322367613","45.157151097837","39.3880494718611","",
"Tuvalu","TUV","External debt stocks (% of GNI)","DT.DOD.DECT.GN.ZS","","","","","","","","","","","","","","","","","","","","","","","","","","","","","","","","","","","","","","","","","","","","","","","","","","","","","","","","","","","","","","","","","","",
"Tanzania","TZA","External debt stocks (% of GNI)","DT.DOD.DECT.GN.ZS","","","","","","","","","","","6.9299489204921","38.5740986808574","40.2044752376265","42.0473258555979","40.4234307791862","40.8954091071661","41.8235690782779","44.9439721159091","47.2030824079705","42.9160207659476","46.0005045018081","43.831709392261","44.1199177919412","48.4778115329358","55.888304995361","59.7099379274104","45.6132351595589","71.2171932662041","83.1626210782121","93.7636952669645","107.258537698747","93.5426798365116","102.687395916887","112.469929184263","112.996305151804","98.2536346663615","78.4495746884123","64.4226285587011","62.259808932816","63.1258955318331","54.3095587148451","49.2446958069461","50.9741678990316","48.7014242494431","52.4006815339904","46.626692069397","22.0619724098478","23.3400355252746","21.8189603943436","26.6339075866294","28.4398441804615","29.7815026646035","30.8385908393605","31.083374238378","33.1451206470393","39.2891880346749","40.0079292679425","41.3009336301928","40.1480140958611","40.7439096992124","39.7693712686611","41.4860546069249","40.9318313478855","44.5950861063729","47.3169345002777","",
"Uganda","UGA","External debt stocks (% of GNI)","DT.DOD.DECT.GN.ZS","","","","","","","","","","","12.1881807325557","12.3578854668819","12.0555121100107","10.4021105537553","9.7010448345023","8.881292341457","9.99403569454342","10.2801070277695","17.688104902298","27.6445950600996","55.8113134148609","53.3757343799532","40.6474898986612","45.977670819727","30.1023787333209","35.7275938802822","36.6799900071597","31.1065048983534","30.0803223883914","42.1490421276123","61.6412874769062","85.8973486283373","106.529266124677","96.2576674802351","86.4667290553444","63.3368879210421","61.8499087359824","62.4972367429877","59.9408936350792","59.1177516939462","58.0904524475271","66.5783888510778","66.5029849935238","70.7551744933996","62.0009713811312","49.7430403163397","13.3693714686186","14.1602511482496","16.1716331340407","11.1763406743451","11.340011180453","11.889658788383","14.1274216672688","30.2751015651699","27.149729218405","30.135215546196","35.1603426340192","38.9070218420697","38.5252984266955","40.6644410285873","48.062157782797","52.1424485431174","47.1819700251541","42.6685823120186","39.2169652098837","",
"Ukraine","UKR","External debt stocks (% of GNI)","DT.DOD.DECT.GN.ZS","","","","","","","","","","","","","","","","","","","","","","","","","","","","","","","","","0.745455854506485","6.01827693350568","10.8276923525772","17.6919760042107","21.6847987608499","22.4892081855559","31.8764804703982","51.2934005540178","45.8970249142014","59.4734683771174","56.2032642628855","52.1994087018172","49.9846110854182","41.2177495967655","51.1822010052832","56.8852340521727","55.8050608668065","91.7428679004559","91.5918932375376","85.1737693525904","74.055964307376","78.2755632633463","96.7265802999128","125.025871206995","123.342420933118","109.407147922562","92.7372175750206","80.6987144339379","83.3576019691388","70.5832658828963","84.1145910098624","96.0800154118723","101.267169892573","",
"Upper middle income","UMC","External debt stocks (% of GNI)","DT.DOD.DECT.GN.ZS","","","","","","","","","","","11.5022530272337","12.3112615248254","12.9389148069465","12.1176929249656","11.9670088758486","13.0675364192445","14.8592241786613","17.4698289292742","19.4992796081596","19.7745135043274","20.9731803917338","22.6096173401314","26.1591334818796","28.4006455649419","27.7951215315762","28.9924881093669","30.5770404235001","34.6611252597163","31.8600328286816","28.942368005211","27.4878282334569","30.2455905795253","30.1624920855696","30.7853760257877","30.8710260263793","31.7248818449974","30.2090519048952","29.8200077192275","32.7107613961286","34.7130617131843","31.2202415824809","32.0244462481322","32.1361120964621","31.0405385229701","28.8690169248089","24.3494628868803","22.3536978076055","21.1737614354485","18.4292349200655","19.9884388318294","20.6367718123864","20.3223730900355","21.0904384318326","22.8847511081615","24.2399148874302","22.6222711390723","23.4001017148086","23.8986231928263","24.108594823238","24.659404973868","26.625572268552","24.0484601855529","22.4951965618673","21.9649799541045","21.2994351181304","",
"Uruguay","URY","External debt stocks (% of GNI)","DT.DOD.DECT.GN.ZS","","","","","","","","","","","","","","","","","","","","","","","","","","","","","","","","","","","","","","","","","","","","","","","","","","","","","","","","","","","","","","","","","","",
"United States","USA","External debt stocks (% of GNI)","DT.DOD.DECT.GN.ZS","","","","","","","","","","","","","","","","","","","","","","","","","","","","","","","","","","","","","","","","","","","","","","","","","","","","","","","","","","","","","","","","","","",
"Uzbekistan","UZB","External debt stocks (% of GNI)","DT.DOD.DECT.GN.ZS","","","","","","","","","","","","","","","","","","","","","","","","","","","","","","","","","0.463433871489979","7.90499353088485","9.70116271825239","13.543465691997","17.2592883563402","20.1433598367369","22.6915718774404","31.4335092696391","36.5762101824344","46.5875693718103","53.9253936948991","53.1856050629554","43.5028223447929","32.4706790115178","26.2167337004859","20.0829098757359","16.2339042416755","21.0964260774202","15.7770566776219","13.3983031953089","12.517313116097","13.8661401706269","14.9082910918395","15.4883044347435","17.6278326041901","23.5509763848597","30.3280220309687","36.6925126519291","55.7841269753241","57.7526022783528","58.8223840472191","59.4107717535195","60.5136500172241","",
"St. Vincent and the Grenadines","VCT","External debt stocks (% of GNI)","DT.DOD.DECT.GN.ZS","","","","","","","","","","","7.88617886178862","3.68912210993106","2.81075938797509","9.24213229217816","9.69226768430295","10.3711094940287","11.3999262221502","9.61200263407716","9.34771283210647","10.2619768425027","13.0488663828382","18.5596095275355","19.1101670667486","21.3397014631159","18.8890935115826","19.0439455411672","20.5791574431141","24.2284542220181","25.4793692271088","25.3635940895892","27.3432880565919","28.2805671159317","28.2720948307354","36.5752514483585","40.9914487214266","38.8407365286865","37.9830455996692","35.1258515571125","37.8707976320826","52.2013617887071","47.7228556689626","43.7727214316332","37.3538349841863","41.065325399713","43.9412079707238","45.8786895425718","39.8334227127295","29.662637044836","32.5335607282402","35.0479224772418","41.9505430959613","43.5872673623893","40.1852157698969","42.0415206130744","48.3668107122273","48.4265361491577","44.811479543064","42.3303637779955","37.4053165618246","37.4744770619092","52.7249795073108","65.532967595027","63.8018630118326","65.0032164870242","70.3081457169149","",
"Venezuela, RB","VEN","External debt stocks (% of GNI)","DT.DOD.DECT.GN.ZS","","","","","","","","","","","","","","","","","","","","","","","","","","","","","","","","","","","","","","","","","","","","","","","","","","","","","","","","","","","","","","","","","","",
"British Virgin Islands","VGB","External debt stocks (% of GNI)","DT.DOD.DECT.GN.ZS","","","","","","","","","","","","","","","","","","","","","","","","","","","","","","","","","","","","","","","","","","","","","","","","","","","","","","","","","","","","","","","","","","",
"Virgin Islands (U.S.)","VIR","External debt stocks (% of GNI)","DT.DOD.DECT.GN.ZS","","","","","","","","","","","","","","","","","","","","","","","","","","","","","","","","","","","","","","","","","","","","","","","","","","","","","","","","","","","","","","","","","","",
"Viet Nam","VNM","External debt stocks (% of GNI)","DT.DOD.DECT.GN.ZS","","","","","","","","","","","","","","","","","","","","","","","","","","","","","","327.061796909385","384.011694971632","257.055522657511","255.919606596775","191.06388223495","156.576320597098","123.008667409007","107.644463466019","82.6494265485348","84.6549859647473","82.8326094688533","41.792625574896","39.1741871054437","38.6816313185181","40.0605772555549","39.5525077207593","32.8651603081175","28.8741151356014","30.7473585616458","27.5497882153862","32.3054945885018","31.5643856988691","32.3790967192749","32.875948016499","32.1019722734645","33.2733273586748","36.0276512949194","37.2434368821309","41.5701252327449","38.2695640665703","38.5732191379908","39.0234679461042","40.2192163533687","37.2580281492659","34.4790753177648","28.849298110528","",
"Vanuatu","VUT","External debt stocks (% of GNI)","DT.DOD.DECT.GN.ZS","","","","","","","","","","","","","","","","","","","","","","3.09488266694774","4.36572093786806","10.5999909686626","10.3220404193892","13.3165767028926","15.4091869194638","19.9160254127982","19.026505162831","20.4477898072624","22.8194621850805","19.6961379525416","20.2229466652919","23.3707476253113","23.2224190694354","23.020148103825","20.8497252733245","20.0971185152363","25.2619089216397","33.4621965589924","43.3370129112116","48.3070736689947","63.9606928423951","53.7012144733508","44.4531413674895","27.19800521632","26.3768387088692","26.0141140927639","25.2977581573713","26.873895062442","27.3648550562684","23.7567388551866","25.855700827128","20.9067930822229","25.865563403427","33.2323678880065","35.705409422873","45.4941987477276","42.7318377452227","39.6770242613178","43.4258594364542","42.5907279193741","39.0105450999343","36.7415629827926","39.1625526066862","",
"World","WLD","External debt stocks (% of GNI)","DT.DOD.DECT.GN.ZS","","","","","","","","","","","","","","","","","","","","","","","","","","","","","","","","","","","","","","","","","","","","","","","","","","","","","","","","","","","","","","","","","","",
"Samoa","WSM","External debt stocks (% of GNI)","DT.DOD.DECT.GN.ZS","","","","","","","","","","","5.6962268394053","4.66503656106767","6.72140245783101","11.0124635995724","14.1635121728983","17.8612949707422","25.5608828764329","30.5277242349646","36.5898742074225","41.0792872993434","45.0798758376734","50.7222524031188","51.9690046209085","57.6347484336451","68.5089834498835","77.737031212413","72.4303472137406","68.4878369271552","46.4595717817092","46.3250016618052","53.9270912522764","67.5756129441494","68.9377738606144","80.5786357479085","78.6737751487808","81.5840653169717","67.660803196997","53.6224429255652","58.6472224434836","62.9014722238314","57.027211088708","54.410649921275","56.6146485007696","54.5562162116784","46.5159375767988","38.2547584848731","35.588540630925","34.9720985853205","34.5207265551583","42.3042907302263","49.2281340404688","51.4266504216745","56.6667304370635","60.7430476275739","63.0681594321805","57.7230691008524","53.8119894638802","55.0966362857982","52.574262285949","49.5769047016337","56.9277996936748","60.9719418526438","57.9346120849764","46.7804769118191","37.560249218259","",
"Kosovo","XKX","External debt stocks (% of GNI)","DT.DOD.DECT.GN.ZS","","","","","","","","","","","","","","","","","","","","","","","","","","","","","","","","","","","","","","","","","","","","","","","","","13.092499077149","33.8259726721293","31.3073533728786","29.9397911066758","31.5379267123981","32.2015495096921","29.1238036677355","32.8651708346188","31.4062532419316","34.1887559698762","29.0232835001384","29.9206351699569","39.0733723657039","34.8781446933578","38.6265307788349","39.6960165578747","38.6087239918158","",
"Yemen, Rep.","YEM","External debt stocks (% of GNI)","DT.DOD.DECT.GN.ZS","","","","","","","","","","","","","","","","","","","","","","","","","","","","","","","50.5753197786632","45.664383767579","37.4702530825775","27.872582078865","22.386817624497","51.0678413482896","107.993500724525","62.9272702667056","96.8743622752142","73.9123190307342","57.8779322460083","56.6211726811815","53.9079192914605","50.9779736567886","44.7510933982156","36.2293847900949","32.0479351165659","30.3217469879413","24.9189986462038","28.3794552874399","22.3614461274604","21.1560386850362","22.4223066776646","19.9195898806446","18.9285075475327","17.6143618724711","22.8411480514233","27.5534343808365","33.5129923155829","","","","","","","",
"South Africa","ZAF","External debt stocks (% of GNI)","DT.DOD.DECT.GN.ZS","","","","","","","","","","","","","","","","","","","","","","","","","","","","","","","","","","","14.3430112992824","15.0170695489257","16.2687611496114","18.4812481915831","17.3639916238851","17.3421004881215","17.9488438094943","19.5001299531834","27.7913348185499","20.8478699394955","17.5007436072345","15.8826881733744","19.3982301233549","22.5208680963182","24.1807678702619","26.1150557499132","28.1821106821805","27.7434703939165","34.9384853404741","36.2098641892608","40.169798601073","37.711086621978","45.6902115131597","47.1927189929926","45.7412901934993","50.2481328155576","52.7841323729174","41.0418957615734","43.0995184381018","44.1610440626778","44.8309798829996","",
"Zambia","ZMB","External debt stocks (% of GNI)","DT.DOD.DECT.GN.ZS","","","","","","","","","","","46.699932341955","53.4899281117582","52.9059736406643","45.8907665790275","43.9379109211226","74.004975192188","75.9562187557537","97.1830454580142","97.8534089094816","99.1698715630397","90.4832053065349","92.669289137594","100.756323268905","121.981605138484","153.57622700041","225.95569530271","414.942857751139","337.281512810581","201.742108142264","182.660213749883","229.538020722046","232.498520026532","233.666931212624","214.606589149781","199.05592954765","195.170857636692","208.186285512222","164.339726879577","207.250294398503","183.714702165448","168.74595025929","157.635418691761","165.237577725425","144.62151406803","129.644064882373","69.7392192459111","19.4214830465834","21.8985577061852","17.7868258785837","24.4196980321342","22.8577652777151","23.3139842267552","24.6574539542756","24.8009879997029","36.2953659204568","59.0750571840252","77.571432468707","96.0061537858578","95.0251331352744","128.346607422193","167.518099257658","133.551637288097","103.673945530947","110.675742084891","114.201909487961","",
"Zimbabwe","ZWE","External debt stocks (% of GNI)","DT.DOD.DECT.GN.ZS","","","","","","","","","","","13.2858985489949","12.027590397875","8.92554339027638","7.10408609313201","5.9688532902544","4.71199997137245","3.7394474032596","5.13889685851277","11.2381177976098","11.9711638021629","13.7366260881645","17.5613118440065","26.4621731264762","33.9094797770209","39.382575674839","50.381048929893","52.5846689951919","54.4644709231412","43.564923874717","41.2860781545053","47.1815721393905","52.6086383743314","84.3407178437299","86.9028416137843","91.6215702122571","101.389497612228","78.1432828855469","83.8664177237669","119.490594216077","96.7891971374187","90.8863648169142","81.8438701318003","90.253029869697","111.628498516355","130.36375125036","118.120515606233","151.807752237904","200.655819185111","389.050797400325","69.3199185296309","61.6616591918891","58.1933132092827","56.5781879647304","48.0336458336228","46.7229019950986","51.4630008713502","62.9386632480421","26.2092006727428","38.8251492700611","49.647327935742","49.5024215404777","53.0056934335053","44.0904531905056","41.8108564407259","32.9765971565783","",
